-- MySQL dump 10.13  Distrib 5.7.29, for Linux (x86_64)
--
-- Host: localhost    Database: zhifish_app
-- ------------------------------------------------------
-- Server version	5.7.29

/*!40101 SET @OLD_CHARACTER_SET_CLIENT=@@CHARACTER_SET_CLIENT */;
/*!40101 SET @OLD_CHARACTER_SET_RESULTS=@@CHARACTER_SET_RESULTS */;
/*!40101 SET @OLD_COLLATION_CONNECTION=@@COLLATION_CONNECTION */;
/*!40101 SET NAMES utf8 */;
/*!40103 SET @OLD_TIME_ZONE=@@TIME_ZONE */;
/*!40103 SET TIME_ZONE='+00:00' */;
/*!40014 SET @OLD_UNIQUE_CHECKS=@@UNIQUE_CHECKS, UNIQUE_CHECKS=0 */;
/*!40014 SET @OLD_FOREIGN_KEY_CHECKS=@@FOREIGN_KEY_CHECKS, FOREIGN_KEY_CHECKS=0 */;
/*!40101 SET @OLD_SQL_MODE=@@SQL_MODE, SQL_MODE='NO_AUTO_VALUE_ON_ZERO' */;
/*!40111 SET @OLD_SQL_NOTES=@@SQL_NOTES, SQL_NOTES=0 */;

--
-- Table structure for table `auth_group`
--

DROP TABLE IF EXISTS `auth_group`;
/*!40101 SET @saved_cs_client     = @@character_set_client */;
/*!40101 SET character_set_client = utf8 */;
CREATE TABLE `auth_group` (
  `id` int(11) NOT NULL AUTO_INCREMENT,
  `name` varchar(150) NOT NULL,
  PRIMARY KEY (`id`),
  UNIQUE KEY `name` (`name`)
) ENGINE=InnoDB DEFAULT CHARSET=utf8;
/*!40101 SET character_set_client = @saved_cs_client */;

--
-- Dumping data for table `auth_group`
--

LOCK TABLES `auth_group` WRITE;
/*!40000 ALTER TABLE `auth_group` DISABLE KEYS */;
/*!40000 ALTER TABLE `auth_group` ENABLE KEYS */;
UNLOCK TABLES;

--
-- Table structure for table `auth_group_permissions`
--

DROP TABLE IF EXISTS `auth_group_permissions`;
/*!40101 SET @saved_cs_client     = @@character_set_client */;
/*!40101 SET character_set_client = utf8 */;
CREATE TABLE `auth_group_permissions` (
  `id` int(11) NOT NULL AUTO_INCREMENT,
  `group_id` int(11) NOT NULL,
  `permission_id` int(11) NOT NULL,
  PRIMARY KEY (`id`),
  UNIQUE KEY `auth_group_permissions_group_id_permission_id_0cd325b0_uniq` (`group_id`,`permission_id`),
  KEY `auth_group_permissio_permission_id_84c5c92e_fk_auth_perm` (`permission_id`),
  CONSTRAINT `auth_group_permissio_permission_id_84c5c92e_fk_auth_perm` FOREIGN KEY (`permission_id`) REFERENCES `auth_permission` (`id`),
  CONSTRAINT `auth_group_permissions_group_id_b120cbf9_fk_auth_group_id` FOREIGN KEY (`group_id`) REFERENCES `auth_group` (`id`)
) ENGINE=InnoDB DEFAULT CHARSET=utf8;
/*!40101 SET character_set_client = @saved_cs_client */;

--
-- Dumping data for table `auth_group_permissions`
--

LOCK TABLES `auth_group_permissions` WRITE;
/*!40000 ALTER TABLE `auth_group_permissions` DISABLE KEYS */;
/*!40000 ALTER TABLE `auth_group_permissions` ENABLE KEYS */;
UNLOCK TABLES;

--
-- Table structure for table `auth_permission`
--

DROP TABLE IF EXISTS `auth_permission`;
/*!40101 SET @saved_cs_client     = @@character_set_client */;
/*!40101 SET character_set_client = utf8 */;
CREATE TABLE `auth_permission` (
  `id` int(11) NOT NULL AUTO_INCREMENT,
  `name` varchar(255) NOT NULL,
  `content_type_id` int(11) NOT NULL,
  `codename` varchar(100) NOT NULL,
  PRIMARY KEY (`id`),
  UNIQUE KEY `auth_permission_content_type_id_codename_01ab375a_uniq` (`content_type_id`,`codename`),
  CONSTRAINT `auth_permission_content_type_id_2f476e4b_fk_django_co` FOREIGN KEY (`content_type_id`) REFERENCES `django_content_type` (`id`)
) ENGINE=InnoDB AUTO_INCREMENT=97 DEFAULT CHARSET=utf8;
/*!40101 SET character_set_client = @saved_cs_client */;

--
-- Dumping data for table `auth_permission`
--

LOCK TABLES `auth_permission` WRITE;
/*!40000 ALTER TABLE `auth_permission` DISABLE KEYS */;
INSERT INTO `auth_permission` VALUES (1,'Can add log entry',1,'add_logentry'),(2,'Can change log entry',1,'change_logentry'),(3,'Can delete log entry',1,'delete_logentry'),(4,'Can view log entry',1,'view_logentry'),(5,'Can add permission',2,'add_permission'),(6,'Can change permission',2,'change_permission'),(7,'Can delete permission',2,'delete_permission'),(8,'Can view permission',2,'view_permission'),(9,'Can add group',3,'add_group'),(10,'Can change group',3,'change_group'),(11,'Can delete group',3,'delete_group'),(12,'Can view group',3,'view_group'),(13,'Can add user',4,'add_user'),(14,'Can change user',4,'change_user'),(15,'Can delete user',4,'delete_user'),(16,'Can view user',4,'view_user'),(17,'Can add content type',5,'add_contenttype'),(18,'Can change content type',5,'change_contenttype'),(19,'Can delete content type',5,'delete_contenttype'),(20,'Can view content type',5,'view_contenttype'),(21,'Can add session',6,'add_session'),(22,'Can change session',6,'change_session'),(23,'Can delete session',6,'delete_session'),(24,'Can view session',6,'view_session'),(25,'Can add 轮播图',7,'add_banner'),(26,'Can change 轮播图',7,'change_banner'),(27,'Can delete 轮播图',7,'delete_banner'),(28,'Can view 轮播图',7,'view_banner'),(29,'Can add 分类列表',8,'add_category'),(30,'Can change 分类列表',8,'change_category'),(31,'Can delete 分类列表',8,'delete_category'),(32,'Can view 分类列表',8,'view_category'),(33,'Can add 联系我们',9,'add_contactus'),(34,'Can change 联系我们',9,'change_contactus'),(35,'Can delete 联系我们',9,'delete_contactus'),(36,'Can view 联系我们',9,'view_contactus'),(37,'Can add 产品客户表',10,'add_costomer'),(38,'Can change 产品客户表',10,'change_costomer'),(39,'Can delete 产品客户表',10,'delete_costomer'),(40,'Can view 产品客户表',10,'view_costomer'),(41,'Can add 友情链接',11,'add_link'),(42,'Can change 友情链接',11,'change_link'),(43,'Can delete 友情链接',11,'delete_link'),(44,'Can view 友情链接',11,'view_link'),(45,'Can add 导航列表',12,'add_navcat'),(46,'Can change 导航列表',12,'change_navcat'),(47,'Can delete 导航列表',12,'delete_navcat'),(48,'Can view 导航列表',12,'view_navcat'),(49,'Can add 在线咨询',13,'add_onlinemsg'),(50,'Can change 在线咨询',13,'change_onlinemsg'),(51,'Can delete 在线咨询',13,'delete_onlinemsg'),(52,'Can view 在线咨询',13,'view_onlinemsg'),(53,'Can add 产品优势表',14,'add_productadvantage'),(54,'Can change 产品优势表',14,'change_productadvantage'),(55,'Can delete 产品优势表',14,'delete_productadvantage'),(56,'Can view 产品优势表',14,'view_productadvantage'),(57,'Can add 产品接口文档',15,'add_productdocs'),(58,'Can change 产品接口文档',15,'change_productdocs'),(59,'Can delete 产品接口文档',15,'delete_productdocs'),(60,'Can view 产品接口文档',15,'view_productdocs'),(61,'Can add 产品功能表',16,'add_productfunc'),(62,'Can change 产品功能表',16,'change_productfunc'),(63,'Can delete 产品功能表',16,'delete_productfunc'),(64,'Can view 产品功能表',16,'view_productfunc'),(65,'Can add 解决方案表',17,'add_solution'),(66,'Can change 解决方案表',17,'change_solution'),(67,'Can delete 解决方案表',17,'delete_solution'),(68,'Can view 解决方案表',17,'view_solution'),(69,'Can add 产品列表',18,'add_product'),(70,'Can change 产品列表',18,'change_product'),(71,'Can delete 产品列表',18,'delete_product'),(72,'Can view 产品列表',18,'view_product'),(73,'Can add 新闻管理',19,'add_news'),(74,'Can change 新闻管理',19,'change_news'),(75,'Can delete 新闻管理',19,'delete_news'),(76,'Can view 新闻管理',19,'view_news'),(77,'Can add 客户案例',20,'add_case'),(78,'Can change 客户案例',20,'change_case'),(79,'Can delete 客户案例',20,'delete_case'),(80,'Can view 客户案例',20,'view_case'),(81,'Can add API 授权表',21,'add_apiauth'),(82,'Can change API 授权表',21,'change_apiauth'),(83,'Can delete API 授权表',21,'delete_apiauth'),(84,'Can view API 授权表',21,'view_apiauth'),(85,'Can add 公司介绍',22,'add_companyintro'),(86,'Can change 公司介绍',22,'change_companyintro'),(87,'Can delete 公司介绍',22,'delete_companyintro'),(88,'Can view 公司介绍',22,'view_companyintro'),(89,'Can add 发展历程',23,'add_devhis'),(90,'Can change 发展历程',23,'change_devhis'),(91,'Can delete 发展历程',23,'delete_devhis'),(92,'Can view 发展历程',23,'view_devhis'),(93,'Can add 技术团队',24,'add_techteam'),(94,'Can change 技术团队',24,'change_techteam'),(95,'Can delete 技术团队',24,'delete_techteam'),(96,'Can view 技术团队',24,'view_techteam');
/*!40000 ALTER TABLE `auth_permission` ENABLE KEYS */;
UNLOCK TABLES;

--
-- Table structure for table `auth_user`
--

DROP TABLE IF EXISTS `auth_user`;
/*!40101 SET @saved_cs_client     = @@character_set_client */;
/*!40101 SET character_set_client = utf8 */;
CREATE TABLE `auth_user` (
  `id` int(11) NOT NULL AUTO_INCREMENT,
  `password` varchar(128) NOT NULL,
  `last_login` datetime(6) DEFAULT NULL,
  `is_superuser` tinyint(1) NOT NULL,
  `username` varchar(150) NOT NULL,
  `first_name` varchar(30) NOT NULL,
  `last_name` varchar(150) NOT NULL,
  `email` varchar(254) NOT NULL,
  `is_staff` tinyint(1) NOT NULL,
  `is_active` tinyint(1) NOT NULL,
  `date_joined` datetime(6) NOT NULL,
  PRIMARY KEY (`id`),
  UNIQUE KEY `username` (`username`)
) ENGINE=InnoDB AUTO_INCREMENT=3 DEFAULT CHARSET=utf8;
/*!40101 SET character_set_client = @saved_cs_client */;

--
-- Dumping data for table `auth_user`
--

LOCK TABLES `auth_user` WRITE;
/*!40000 ALTER TABLE `auth_user` DISABLE KEYS */;
INSERT INTO `auth_user` VALUES (1,'pbkdf2_sha256$150000$0vQb6UVMWQdh$F3R5QYwlkbuCoITLg/iGZgCrfN9LhRvKoHSWYfFT2jM=','2021-09-17 11:43:06.529138',1,'admin','','','admin@163.com',1,1,'2020-06-08 02:18:06.198356'),(2,'pbkdf2_sha256$150000$EROyByxqjlKg$8xqvVuC3bghwSmGvZVQI2kJScEZL8j1J+StuDRZVkQ8=','2021-05-23 12:48:41.585898',0,'chengcy','c','c','mujiangzi2018@163.com',1,1,'2021-05-23 12:47:00.000000');
/*!40000 ALTER TABLE `auth_user` ENABLE KEYS */;
UNLOCK TABLES;

--
-- Table structure for table `auth_user_groups`
--

DROP TABLE IF EXISTS `auth_user_groups`;
/*!40101 SET @saved_cs_client     = @@character_set_client */;
/*!40101 SET character_set_client = utf8 */;
CREATE TABLE `auth_user_groups` (
  `id` int(11) NOT NULL AUTO_INCREMENT,
  `user_id` int(11) NOT NULL,
  `group_id` int(11) NOT NULL,
  PRIMARY KEY (`id`),
  UNIQUE KEY `auth_user_groups_user_id_group_id_94350c0c_uniq` (`user_id`,`group_id`),
  KEY `auth_user_groups_group_id_97559544_fk_auth_group_id` (`group_id`),
  CONSTRAINT `auth_user_groups_group_id_97559544_fk_auth_group_id` FOREIGN KEY (`group_id`) REFERENCES `auth_group` (`id`),
  CONSTRAINT `auth_user_groups_user_id_6a12ed8b_fk_auth_user_id` FOREIGN KEY (`user_id`) REFERENCES `auth_user` (`id`)
) ENGINE=InnoDB DEFAULT CHARSET=utf8;
/*!40101 SET character_set_client = @saved_cs_client */;

--
-- Dumping data for table `auth_user_groups`
--

LOCK TABLES `auth_user_groups` WRITE;
/*!40000 ALTER TABLE `auth_user_groups` DISABLE KEYS */;
/*!40000 ALTER TABLE `auth_user_groups` ENABLE KEYS */;
UNLOCK TABLES;

--
-- Table structure for table `auth_user_user_permissions`
--

DROP TABLE IF EXISTS `auth_user_user_permissions`;
/*!40101 SET @saved_cs_client     = @@character_set_client */;
/*!40101 SET character_set_client = utf8 */;
CREATE TABLE `auth_user_user_permissions` (
  `id` int(11) NOT NULL AUTO_INCREMENT,
  `user_id` int(11) NOT NULL,
  `permission_id` int(11) NOT NULL,
  PRIMARY KEY (`id`),
  UNIQUE KEY `auth_user_user_permissions_user_id_permission_id_14a6b632_uniq` (`user_id`,`permission_id`),
  KEY `auth_user_user_permi_permission_id_1fbb5f2c_fk_auth_perm` (`permission_id`),
  CONSTRAINT `auth_user_user_permi_permission_id_1fbb5f2c_fk_auth_perm` FOREIGN KEY (`permission_id`) REFERENCES `auth_permission` (`id`),
  CONSTRAINT `auth_user_user_permissions_user_id_a95ead1b_fk_auth_user_id` FOREIGN KEY (`user_id`) REFERENCES `auth_user` (`id`)
) ENGINE=InnoDB AUTO_INCREMENT=97 DEFAULT CHARSET=utf8;
/*!40101 SET character_set_client = @saved_cs_client */;

--
-- Dumping data for table `auth_user_user_permissions`
--

LOCK TABLES `auth_user_user_permissions` WRITE;
/*!40000 ALTER TABLE `auth_user_user_permissions` DISABLE KEYS */;
INSERT INTO `auth_user_user_permissions` VALUES (1,2,1),(2,2,2),(3,2,3),(4,2,4),(5,2,5),(6,2,6),(7,2,7),(8,2,8),(9,2,9),(10,2,10),(11,2,11),(12,2,12),(13,2,13),(14,2,14),(15,2,15),(16,2,16),(17,2,17),(18,2,18),(19,2,19),(20,2,20),(21,2,21),(22,2,22),(23,2,23),(24,2,24),(25,2,25),(26,2,26),(27,2,27),(28,2,28),(29,2,29),(30,2,30),(31,2,31),(32,2,32),(33,2,33),(34,2,34),(35,2,35),(36,2,36),(37,2,37),(38,2,38),(39,2,39),(40,2,40),(41,2,41),(42,2,42),(43,2,43),(44,2,44),(45,2,45),(46,2,46),(47,2,47),(48,2,48),(49,2,49),(50,2,50),(51,2,51),(52,2,52),(53,2,53),(54,2,54),(55,2,55),(56,2,56),(57,2,57),(58,2,58),(59,2,59),(60,2,60),(61,2,61),(62,2,62),(63,2,63),(64,2,64),(65,2,65),(66,2,66),(67,2,67),(68,2,68),(69,2,69),(70,2,70),(71,2,71),(72,2,72),(73,2,73),(74,2,74),(75,2,75),(76,2,76),(77,2,77),(78,2,78),(79,2,79),(80,2,80),(81,2,81),(82,2,82),(83,2,83),(84,2,84),(85,2,85),(86,2,86),(87,2,87),(88,2,88),(89,2,89),(90,2,90),(91,2,91),(92,2,92),(93,2,93),(94,2,94),(95,2,95),(96,2,96);
/*!40000 ALTER TABLE `auth_user_user_permissions` ENABLE KEYS */;
UNLOCK TABLES;

--
-- Table structure for table `django_admin_log`
--

DROP TABLE IF EXISTS `django_admin_log`;
/*!40101 SET @saved_cs_client     = @@character_set_client */;
/*!40101 SET character_set_client = utf8 */;
CREATE TABLE `django_admin_log` (
  `id` int(11) NOT NULL AUTO_INCREMENT,
  `action_time` datetime(6) NOT NULL,
  `object_id` longtext,
  `object_repr` varchar(200) NOT NULL,
  `action_flag` smallint(5) unsigned NOT NULL,
  `change_message` longtext NOT NULL,
  `content_type_id` int(11) DEFAULT NULL,
  `user_id` int(11) NOT NULL,
  PRIMARY KEY (`id`),
  KEY `django_admin_log_content_type_id_c4bce8eb_fk_django_co` (`content_type_id`),
  KEY `django_admin_log_user_id_c564eba6_fk_auth_user_id` (`user_id`),
  CONSTRAINT `django_admin_log_content_type_id_c4bce8eb_fk_django_co` FOREIGN KEY (`content_type_id`) REFERENCES `django_content_type` (`id`),
  CONSTRAINT `django_admin_log_user_id_c564eba6_fk_auth_user_id` FOREIGN KEY (`user_id`) REFERENCES `auth_user` (`id`)
) ENGINE=InnoDB AUTO_INCREMENT=367 DEFAULT CHARSET=utf8;
/*!40101 SET character_set_client = @saved_cs_client */;

--
-- Dumping data for table `django_admin_log`
--

LOCK TABLES `django_admin_log` WRITE;
/*!40000 ALTER TABLE `django_admin_log` DISABLE KEYS */;
INSERT INTO `django_admin_log` VALUES (1,'2020-06-08 02:31:38.169561','1','zhifish-website-app',1,'[{\"added\": {}}]',21,1),(2,'2020-06-08 02:32:38.288455','2','zhifish-76358255-2095-4dd9-932c-274702f99435',1,'[{\"added\": {}}]',21,1),(3,'2020-06-08 02:35:29.690378','2','zhifish-76358255-2095-4dd9-932c-274702f99435',3,'',21,1),(4,'2020-06-08 02:36:08.125755','1','zhifish-website-app',2,'[{\"changed\": {\"fields\": [\"api_token\"]}}]',21,1),(5,'2020-06-08 06:19:17.748760','1','zhifish-website-app',2,'[]',21,1),(6,'2020-06-08 06:46:04.170909','1','zhifish-76358255-2095-4dd9-932c-274702f99435',2,'[{\"changed\": {\"fields\": [\"name\"]}}]',21,1),(7,'2020-06-08 06:53:57.220722','1','zhifish',2,'[{\"changed\": {\"fields\": [\"name\", \"api_token\"]}}]',21,1),(8,'2020-06-08 06:56:45.221051','1','郭世江',2,'[{\"changed\": {\"fields\": [\"email\", \"is_handle\"]}}]',13,1),(9,'2020-06-08 06:59:47.114484','1','1294928442',1,'[{\"added\": {}}]',9,1),(10,'2020-06-08 07:08:56.210427','1','木姜子科技',1,'[{\"added\": {}}]',22,1),(11,'2020-06-08 07:09:23.368431','1','知鱼定制',1,'[{\"added\": {}}]',24,1),(12,'2020-06-08 07:09:53.781139','1','2016',1,'[{\"added\": {}}]',23,1),(13,'2020-06-08 11:54:06.933695','1','产品服务',1,'[{\"added\": {}}]',12,1),(14,'2020-06-08 11:54:20.985105','2','解决方案',1,'[{\"added\": {}}]',12,1),(15,'2020-06-08 11:54:50.463869','3','成功案例',1,'[{\"added\": {}}]',12,1),(16,'2020-06-08 11:55:29.548965','4','新闻资讯',1,'[{\"added\": {}}]',12,1),(17,'2020-06-08 11:55:48.729570','5','关于我们',1,'[{\"added\": {}}]',12,1),(18,'2020-06-08 11:56:52.153281','1','公司动态',1,'[{\"added\": {}}]',8,1),(19,'2020-06-08 11:57:20.360348','2','行业新闻',1,'[{\"added\": {}}]',8,1),(20,'2020-06-08 11:58:07.800969','3','网站建设',1,'[{\"added\": {}}]',8,1),(21,'2020-06-08 11:58:35.976667','4','APP 定制开发',1,'[{\"added\": {}}]',8,1),(22,'2020-06-08 11:59:10.553171','5','在线教育',1,'[{\"added\": {}}]',8,1),(23,'2020-06-08 12:00:00.236105','6','智慧社区',1,'[{\"added\": {}}]',8,1),(24,'2020-06-08 12:00:29.199849','7','密钥柜',1,'[{\"added\": {}}]',8,1),(25,'2020-06-08 12:00:53.490493','8','股票配资',1,'[{\"added\": {}}]',8,1),(26,'2020-06-08 12:01:15.722967','9','SEO 优化',1,'[{\"added\": {}}]',8,1),(27,'2020-06-08 12:01:47.937773','10','区块链产品',1,'[{\"added\": {}}]',8,1),(28,'2020-06-08 12:06:28.478156','11','定制开发',1,'[{\"added\": {}}]',8,1),(29,'2020-06-08 12:07:04.241588','12','在线教育',1,'[{\"added\": {}}]',8,1),(30,'2020-06-08 12:07:34.487440','13','公司介绍',1,'[{\"added\": {}}]',8,1),(31,'2020-06-08 12:07:52.640922','14','技术团队',1,'[{\"added\": {}}]',8,1),(32,'2020-06-08 12:08:12.130860','15','发展历程',1,'[{\"added\": {}}]',8,1),(33,'2020-06-08 12:08:26.391047','16','联系我们',1,'[{\"added\": {}}]',8,1),(34,'2020-06-08 12:09:48.479715','1','知鱼（天津）网络科技有限公司',2,'[{\"changed\": {\"fields\": [\"name\", \"detail\"]}}]',22,1),(35,'2020-06-08 12:10:19.047387','1','技术团队',2,'[{\"changed\": {\"fields\": [\"name\", \"detail\"]}}]',24,1),(36,'2020-06-08 12:11:03.631327','1','2016',2,'[{\"changed\": {\"fields\": [\"detail\"]}}]',23,1),(37,'2020-06-08 12:11:59.373855','2','2017',1,'[{\"added\": {}}]',23,1),(38,'2020-06-08 12:12:19.759697','3','2018',1,'[{\"added\": {}}]',23,1),(39,'2020-06-08 12:12:39.543599','4','2019',1,'[{\"added\": {}}]',23,1),(40,'2020-06-08 12:12:55.093753','5','2020',1,'[{\"added\": {}}]',23,1),(41,'2020-06-08 12:23:34.679948','1','精美设计',1,'[{\"added\": {}}]',16,1),(42,'2020-06-08 12:24:00.023857','2','丰富的信息展示',1,'[{\"added\": {}}]',16,1),(43,'2020-06-08 12:24:04.010083','3','丰富的信息展示',1,'[{\"added\": {}}]',16,1),(44,'2020-06-08 12:24:09.588512','4','丰富的信息展示',1,'[{\"added\": {}}]',16,1),(45,'2020-06-08 12:24:14.249991','1','丰富的信息展示',1,'[{\"added\": {}}]',14,1),(46,'2020-06-08 12:24:17.994200','2','丰富的信息展示',1,'[{\"added\": {}}]',14,1),(47,'2020-06-08 12:24:21.518542','3','丰富的信息展示',1,'[{\"added\": {}}]',14,1),(48,'2020-06-08 12:24:25.500124','4','丰富的信息展示',1,'[{\"added\": {}}]',14,1),(49,'2020-06-08 12:24:37.154064','1','丰富的信息展示',1,'[{\"added\": {}}]',15,1),(50,'2020-06-08 12:24:52.732813','2','丰富的信息展示',1,'[{\"added\": {}}]',15,1),(51,'2020-06-08 12:25:03.691995','3','丰富的信息展示',1,'[{\"added\": {}}]',15,1),(52,'2020-06-08 12:25:22.511672','1','特氟龙',1,'[{\"added\": {}}]',10,1),(53,'2020-06-08 12:25:24.650071','1','网站建设',1,'[{\"added\": {}}]',18,1),(54,'2020-06-08 13:11:09.964564','1','网站解决方案',1,'[{\"added\": {}}]',17,1),(55,'2020-06-08 13:12:11.510223','1','问我学院 2020 年第一期技术分享：基于以太坊改造自己的公链',1,'[{\"added\": {}}]',19,1),(56,'2020-06-08 13:12:30.403801','2','疫情下的自如猛涨租，疫情过后租房市场格局会发生变化吗',1,'[{\"added\": {}}]',19,1),(57,'2020-06-17 06:01:36.178478','1','云端可干扰的秘密共享解决方案',2,'[{\"changed\": {\"fields\": [\"name\", \"excerpt\", \"category\", \"detail\"]}}]',17,1),(58,'2020-06-19 13:49:10.898989','17','网站 SAAS 平台解决方案',1,'[{\"added\": {}}]',8,1),(59,'2020-06-19 13:49:38.148190','18','区块链解决方案',1,'[{\"added\": {}}]',8,1),(60,'2020-06-19 13:50:35.959594','19','在线教育解决方案',1,'[{\"added\": {}}]',8,1),(61,'2020-06-19 13:51:20.415308','20','股票配资解决方案',1,'[{\"added\": {}}]',8,1),(62,'2020-06-19 13:52:08.658322','21','云端可干扰的秘密共享解决方案',1,'[{\"added\": {}}]',8,1),(63,'2020-06-19 13:53:31.563053','22','智慧社区解决方案',1,'[{\"added\": {}}]',8,1),(64,'2020-06-19 13:53:56.038259','23','APP  快速定制解决方案',1,'[{\"added\": {}}]',8,1),(65,'2020-06-19 14:01:54.877958','24','SEO 快速排名优化解决方案',1,'[{\"added\": {}}]',8,1),(66,'2020-06-19 14:04:36.802372','1','网站建设',2,'[{\"changed\": {\"fields\": [\"icon\"]}}]',18,1),(67,'2020-06-21 04:38:18.240312','2','APP小程序',1,'[{\"added\": {}}]',18,1),(68,'2020-06-21 13:07:55.428146','4','丰富的信息展示',3,'',14,1),(69,'2020-06-21 13:07:55.431449','3','丰富的信息展示',3,'',14,1),(70,'2020-06-21 13:07:55.433891','2','丰富的信息展示',3,'',14,1),(71,'2020-06-21 13:07:55.436534','1','丰富的信息展示',3,'',14,1),(72,'2020-06-21 13:09:28.582586','1','特氟龙',3,'',10,1),(73,'2020-06-21 13:09:49.536244','3','丰富的信息展示',3,'',15,1),(74,'2020-06-21 13:09:49.540015','2','丰富的信息展示',3,'',15,1),(75,'2020-06-21 13:09:49.545229','1','丰富的信息展示',3,'',15,1),(76,'2020-06-21 13:13:04.483651','4','丰富的信息展示',3,'',16,1),(77,'2020-06-21 13:13:04.488275','3','丰富的信息展示',3,'',16,1),(78,'2020-06-21 13:13:04.494839','2','丰富的信息展示',3,'',16,1),(79,'2020-06-21 13:13:04.497131','1','精美设计',3,'',16,1),(80,'2020-06-21 13:15:32.589168','3','股票配资',1,'[{\"added\": {}}]',18,1),(81,'2020-06-21 13:25:48.416657','4','在线教育',1,'[{\"added\": {}}]',18,1),(82,'2020-06-21 13:27:36.027131','5','智慧社区',1,'[{\"added\": {}}]',18,1),(83,'2020-06-21 13:29:09.277571','6','密钥柜',1,'[{\"added\": {}}]',18,1),(84,'2020-06-21 13:30:35.887741','7','SEO',1,'[{\"added\": {}}]',18,1),(85,'2020-06-21 13:31:38.519455','8','家政电商',1,'[{\"added\": {}}]',18,1),(86,'2020-06-21 13:33:49.732498','9','定制化开发',1,'[{\"added\": {}}]',18,1),(87,'2020-06-21 13:34:25.052230','9','定制化开发',2,'[{\"changed\": {\"fields\": [\"category\"]}}]',18,1),(88,'2020-06-21 13:34:49.993401','8','家政电商',2,'[{\"changed\": {\"fields\": [\"excerpt\"]}}]',18,1),(89,'2020-06-21 13:35:36.665690','9','定制化开发',2,'[{\"changed\": {\"fields\": [\"img\"]}}]',18,1),(90,'2020-06-21 13:37:55.802770','2','数字货币交易所等解决方案',1,'[{\"added\": {}}]',17,1),(91,'2020-06-21 13:38:32.032912','3','数字货币钱包解决方案',1,'[{\"added\": {}}]',17,1),(92,'2020-06-21 13:39:08.574382','4','股票配资平台解决方案',1,'[{\"added\": {}}]',17,1),(93,'2020-06-21 13:39:42.058139','5','新媒体运营解决方案',1,'[{\"added\": {}}]',17,1),(94,'2020-06-21 13:40:16.647528','6','SEO 优化解决方案',1,'[{\"added\": {}}]',17,1),(95,'2020-06-21 13:40:47.917467','7','定制化开发解决方案',1,'[{\"added\": {}}]',17,1),(96,'2020-06-21 13:46:25.341947','2','特氟龙（天津）防腐科技有限公司',1,'[{\"added\": {}}]',10,1),(97,'2020-06-21 13:46:31.200054','1','网站建设',2,'[{\"changed\": {\"fields\": [\"product_cos\"]}}]',18,1),(98,'2020-06-21 13:47:56.875023','2','天津特氟龙',2,'[{\"changed\": {\"fields\": [\"name\"]}}]',10,1),(99,'2020-06-21 13:48:23.214218','3','39车源网',1,'[{\"added\": {}}]',10,1),(100,'2020-06-21 13:48:58.792957','4','国邦科技',1,'[{\"added\": {}}]',10,1),(101,'2020-06-21 13:53:23.238115','5','我问学院',1,'[{\"added\": {}}]',10,1),(102,'2020-06-21 13:53:25.854892','4','在线教育',2,'[{\"changed\": {\"fields\": [\"detail\", \"product_cos\"]}}]',18,1),(103,'2020-06-21 13:54:52.015530','5','我问学院',2,'[{\"changed\": {\"fields\": [\"excerpt\"]}}]',10,1),(104,'2020-06-21 13:55:51.116777','6','密钥柜',2,'[{\"changed\": {\"fields\": [\"icon\", \"detail\"]}}]',18,1),(105,'2020-06-21 13:57:33.237664','4','国邦科技',2,'[{\"changed\": {\"fields\": [\"logo\"]}}]',10,1),(106,'2020-06-21 13:57:59.529559','1','网站建设',2,'[{\"changed\": {\"fields\": [\"product_cos\"]}}]',18,1),(107,'2020-06-21 13:59:43.565164','5','专属 UI 设计师',1,'[{\"added\": {}}]',16,1),(108,'2020-06-21 14:00:30.026788','6','完整产品中心',1,'[{\"added\": {}}]',16,1),(109,'2020-06-21 14:00:43.046532','7','成熟的解决方案',1,'[{\"added\": {}}]',16,1),(110,'2020-06-21 14:00:57.885065','8','专职项目经理',1,'[{\"added\": {}}]',16,1),(111,'2020-06-21 14:01:00.446070','1','网站建设',2,'[{\"changed\": {\"fields\": [\"product_func\"]}}]',18,1),(112,'2020-06-21 14:03:18.550127','9','电商类APP',1,'[{\"added\": {}}]',16,1),(113,'2020-06-21 14:03:22.127424','2','APP小程序',2,'[{\"changed\": {\"fields\": [\"detail\", \"product_func\"]}}]',18,1),(114,'2020-06-21 14:05:03.866067','9','电商 APP 小程序',2,'[{\"changed\": {\"fields\": [\"name\", \"excerpt\"]}}]',16,1),(115,'2020-06-21 14:06:17.349800','10','社交类 APP 小程序',1,'[{\"added\": {}}]',16,1),(116,'2020-06-21 14:06:21.673680','2','APP小程序',2,'[{\"changed\": {\"fields\": [\"product_func\"]}}]',18,1),(117,'2020-06-21 14:08:46.005107','11','车辆信息类 APP 小程序',1,'[{\"added\": {}}]',16,1),(118,'2020-06-21 14:08:49.013364','2','APP小程序',2,'[{\"changed\": {\"fields\": [\"product_func\"]}}]',18,1),(119,'2020-06-21 14:10:48.814720','1','云端可干扰的秘密共享解决方案',2,'[{\"changed\": {\"fields\": [\"category\"]}}]',17,1),(120,'2020-06-21 14:10:57.174121','2','数字货币交易所等解决方案',2,'[{\"changed\": {\"fields\": [\"category\"]}}]',17,1),(121,'2020-06-21 14:11:04.015481','3','数字货币钱包解决方案',2,'[{\"changed\": {\"fields\": [\"category\"]}}]',17,1),(122,'2020-06-21 14:11:11.443908','4','股票配资平台解决方案',2,'[{\"changed\": {\"fields\": [\"category\"]}}]',17,1),(123,'2020-06-21 14:11:19.011869','5','新媒体运营解决方案',2,'[{\"changed\": {\"fields\": [\"category\"]}}]',17,1),(124,'2020-06-21 14:11:31.839143','7','定制化开发解决方案',2,'[]',17,1),(125,'2020-06-21 22:55:42.317973','3','股票配资',3,'',18,1),(126,'2020-06-21 22:56:01.118695','5','智慧社区',3,'',18,1),(127,'2020-06-21 22:56:07.517999','6','密钥柜',3,'',18,1),(128,'2020-06-21 22:56:18.437113','4','在线教育',3,'',18,1),(129,'2020-06-21 22:56:25.468415','8','家政电商',3,'',18,1),(130,'2020-06-21 22:56:31.787552','9','定制化开发',3,'',18,1),(131,'2020-06-21 22:56:36.620415','7','SEO',3,'',18,1),(132,'2020-06-21 22:58:45.290278','2','APP 定制开发',2,'[{\"changed\": {\"fields\": [\"name\", \"excerpt\"]}}]',18,1),(133,'2020-06-21 22:59:06.050630','1','机构网站建设',2,'[{\"changed\": {\"fields\": [\"name\"]}}]',18,1),(134,'2020-06-21 23:03:25.390516','10','小程序定制开发',1,'[{\"added\": {}}]',18,1),(135,'2020-06-21 23:04:05.912763','12','在线教育',3,'',8,1),(136,'2020-06-21 23:04:05.915891','10','区块链产品',3,'',8,1),(137,'2020-06-21 23:04:05.918993','8','股票配资',3,'',8,1),(138,'2020-06-21 23:04:05.921408','7','密钥柜',3,'',8,1),(139,'2020-06-21 23:04:05.924357','6','智慧社区',3,'',8,1),(140,'2020-06-21 23:04:05.932497','5','在线教育',3,'',8,1),(141,'2020-06-21 23:04:21.143715','3','机构网站建设',2,'[{\"changed\": {\"fields\": [\"name\"]}}]',8,1),(142,'2020-06-21 23:04:45.334410','9','小程序定制开发',2,'[{\"changed\": {\"fields\": [\"name\", \"category_mark\"]}}]',8,1),(143,'2020-06-21 23:05:08.054845','11','SEO',2,'[{\"changed\": {\"fields\": [\"name\", \"nav_cat\", \"category_mark\"]}}]',8,1),(144,'2020-06-21 23:05:42.634804','13','网站 SAAS',2,'[{\"changed\": {\"fields\": [\"name\", \"nav_cat\", \"category_mark\"]}}]',8,1),(145,'2020-06-21 23:06:01.067428','14','APP  SAAS',2,'[{\"changed\": {\"fields\": [\"name\", \"nav_cat\", \"category_mark\"]}}]',8,1),(146,'2020-06-21 23:06:54.599177','10','小程序定制开发',2,'[{\"changed\": {\"fields\": [\"category\"]}}]',18,1),(147,'2020-06-21 23:08:47.968858','11','SEO 快速排名',1,'[{\"added\": {}}]',18,1),(148,'2020-06-21 23:09:15.264687','10','小程序定制开发',2,'[{\"changed\": {\"fields\": [\"icon\"]}}]',18,1),(149,'2020-06-21 23:10:19.946479','4','股票配资平台解决方案',3,'',17,1),(150,'2020-06-21 23:10:19.950078','3','数字货币钱包解决方案',3,'',17,1),(151,'2020-06-21 23:10:19.952515','2','数字货币交易所等解决方案',3,'',17,1),(152,'2020-06-21 23:10:19.955182','1','云端可干扰的秘密共享解决方案',3,'',17,1),(153,'2020-06-21 23:14:37.821922','12','在线教育',1,'[{\"added\": {}}]',18,1),(154,'2020-06-21 23:15:16.903495','13','在线教育',2,'[{\"changed\": {\"fields\": [\"name\", \"category_mark\"]}}]',8,1),(155,'2020-06-21 23:15:33.427661','12','在线教育',2,'[{\"changed\": {\"fields\": [\"category\"]}}]',18,1),(156,'2020-06-21 23:16:17.513893','14','智慧社区',2,'[{\"changed\": {\"fields\": [\"name\", \"category_mark\"]}}]',8,1),(157,'2020-06-21 23:17:15.344070','13','智慧社区',1,'[{\"added\": {}}]',18,1),(158,'2020-06-21 23:21:20.395102','15','网站 SAAS',2,'[{\"changed\": {\"fields\": [\"name\", \"nav_cat\", \"category_mark\"]}}]',8,1),(159,'2020-06-21 23:21:40.294914','16','APP-SAAS',2,'[{\"changed\": {\"fields\": [\"name\", \"nav_cat\", \"category_mark\"]}}]',8,1),(160,'2020-06-21 23:25:24.061727','14','网站 SAAS',1,'[{\"added\": {}}]',18,1),(161,'2020-06-21 23:26:16.913642','15','APP  SAAS',1,'[{\"added\": {}}]',18,1),(162,'2020-06-21 23:31:13.413124','14','网站 SAAS',2,'[{\"changed\": {\"fields\": [\"excerpt\"]}}]',18,1),(163,'2020-06-21 23:34:23.386044','15','APP  SAAS',2,'[{\"changed\": {\"fields\": [\"excerpt\"]}}]',18,1),(164,'2020-06-21 23:37:59.086835','4','国邦科技',2,'[{\"changed\": {\"fields\": [\"logo\"]}}]',10,1),(165,'2020-06-21 23:39:29.852710','2','天津特氟龙',2,'[{\"changed\": {\"fields\": [\"logo\"]}}]',10,1),(166,'2020-06-21 23:43:16.779779','5','新媒体运营解决方案',2,'[{\"changed\": {\"fields\": [\"img\"]}}]',17,1),(167,'2020-06-21 23:43:51.920789','6','SEO 优化解决方案',2,'[{\"changed\": {\"fields\": [\"img\"]}}]',17,1),(168,'2020-06-21 23:46:39.731757','6','西安布丁猫舍',1,'[{\"added\": {}}]',10,1),(169,'2020-06-21 23:46:53.240835','1','机构网站建设',2,'[{\"changed\": {\"fields\": [\"product_cos\"]}}]',18,1),(170,'2020-06-22 00:36:44.685510','12','信息发布系统',1,'[{\"added\": {}}]',16,1),(171,'2020-06-22 00:36:52.345260','1','机构网站建设',2,'[{\"changed\": {\"fields\": [\"product_func\"]}}]',18,1),(172,'2020-06-22 00:37:28.370319','13','产品发布系统',1,'[{\"added\": {}}]',16,1),(173,'2020-06-22 00:37:47.853795','14','网上订购系统',1,'[{\"added\": {}}]',16,1),(174,'2020-06-22 00:38:12.955098','15','网上商城系统',1,'[{\"added\": {}}]',16,1),(175,'2020-06-22 00:38:38.868454','16','商务公告系统',1,'[{\"added\": {}}]',16,1),(176,'2020-06-22 00:38:44.175159','1','机构网站建设',2,'[{\"changed\": {\"fields\": [\"product_func\"]}}]',18,1),(177,'2020-06-22 00:43:16.421385','12','信息发布系统',2,'[{\"changed\": {\"fields\": [\"excerpt\"]}}]',16,1),(178,'2020-06-22 00:44:07.445003','17','新闻管理系统',1,'[{\"added\": {}}]',16,1),(179,'2020-06-22 00:44:35.333232','18','商情发布系统',1,'[{\"added\": {}}]',16,1),(180,'2020-06-22 00:44:59.729663','19','人事管理系统',1,'[{\"added\": {}}]',16,1),(181,'2020-06-22 00:45:22.350763','20','网上调查系统',1,'[{\"added\": {}}]',16,1),(182,'2020-06-22 00:45:43.659663','21','电子论坛系统',1,'[{\"added\": {}}]',16,1),(183,'2020-06-22 00:45:47.762133','1','机构网站建设',2,'[{\"changed\": {\"fields\": [\"product_func\"]}}]',18,1),(184,'2020-06-22 00:47:25.765619','5','专属 UI 设计师',1,'[{\"added\": {}}]',14,1),(185,'2020-06-22 00:48:09.184252','6','专职项目经理',1,'[{\"added\": {}}]',14,1),(186,'2020-06-22 00:48:44.144598','7','7x24小时服务',1,'[{\"added\": {}}]',14,1),(187,'2020-06-22 00:49:30.389477','8','运营配置全面',1,'[{\"added\": {}}]',14,1),(188,'2020-06-22 00:49:36.016342','1','机构网站建设',2,'[{\"changed\": {\"fields\": [\"product_adv\"]}}]',18,1),(189,'2020-06-22 00:51:54.271416','4','网站后台权限配置文档',1,'[{\"added\": {}}]',15,1),(190,'2020-06-22 00:52:13.946902','5','网站后台权限配置文档',1,'[{\"added\": {}}]',15,1),(191,'2020-06-22 00:52:47.147584','6','网站信息发布教程',1,'[{\"added\": {}}]',15,1),(192,'2020-06-22 00:53:09.179634','1','机构网站建设',2,'[{\"changed\": {\"fields\": [\"product_doc\"]}}]',18,1),(193,'2020-06-22 00:54:03.347108','1','机构网站建设',2,'[{\"changed\": {\"fields\": [\"product_doc\"]}}]',18,1),(194,'2020-06-22 00:57:16.697146','4','后台权限配置文档',2,'[{\"changed\": {\"fields\": [\"name\", \"excerpt\", \"detail\"]}}]',15,1),(195,'2020-06-22 00:58:17.961784','5','后台导航分类配置',2,'[{\"changed\": {\"fields\": [\"name\", \"excerpt\", \"detail\"]}}]',15,1),(196,'2020-06-22 00:59:10.412487','6','后台信息发布教程',2,'[{\"changed\": {\"fields\": [\"name\", \"excerpt\", \"detail\"]}}]',15,1),(197,'2020-06-22 00:59:39.696350','4','后台权限配置文档',2,'[{\"changed\": {\"fields\": [\"excerpt\"]}}]',15,1),(198,'2020-06-22 01:00:06.521549','4','后台权限配置文档',2,'[{\"changed\": {\"fields\": [\"excerpt\"]}}]',15,1),(199,'2020-06-22 01:07:26.828569','7','搜米域名',1,'[{\"added\": {}}]',10,1),(200,'2020-06-22 01:07:35.932405','1','机构网站建设',2,'[{\"changed\": {\"fields\": [\"product_cos\"]}}]',18,1),(201,'2020-06-22 01:08:43.567700','8','知鱼财经',1,'[{\"added\": {}}]',10,1),(202,'2020-06-22 01:08:46.273794','1','机构网站建设',2,'[{\"changed\": {\"fields\": [\"product_cos\"]}}]',18,1),(203,'2020-06-22 01:11:00.066990','9','biwork',1,'[{\"added\": {}}]',10,1),(204,'2020-06-22 01:11:33.835003','10','国邦电商',1,'[{\"added\": {}}]',10,1),(205,'2020-06-22 01:11:42.759936','2','APP 定制开发',2,'[{\"changed\": {\"fields\": [\"product_cos\"]}}]',18,1),(206,'2020-06-22 01:11:51.243688','1','机构网站建设',2,'[]',18,1),(207,'2020-06-22 01:53:11.516409','2','疫情下的自如猛涨租，疫情过后租房市场格局会发生变化吗',2,'[{\"changed\": {\"fields\": [\"body\"]}}]',19,1),(208,'2020-06-22 01:54:38.697871','1','由知鱼定制开发的特氟龙官网上线',2,'[{\"changed\": {\"fields\": [\"title\"]}}]',19,1),(209,'2020-06-22 02:57:58.012372','2','天津特氟龙',2,'[{\"changed\": {\"fields\": [\"logo\"]}}]',10,1),(210,'2020-06-22 03:13:31.866149','4','国邦科技',2,'[{\"changed\": {\"fields\": [\"logo\"]}}]',10,1),(211,'2020-06-22 03:13:41.934536','5','我问学院',2,'[{\"changed\": {\"fields\": [\"logo\"]}}]',10,1),(212,'2020-06-22 03:13:52.616869','6','西安布丁猫舍',2,'[{\"changed\": {\"fields\": [\"logo\"]}}]',10,1),(213,'2020-06-22 03:14:03.183891','7','搜米域名',2,'[{\"changed\": {\"fields\": [\"logo\"]}}]',10,1),(214,'2020-06-22 03:14:10.737489','8','知鱼财经',2,'[{\"changed\": {\"fields\": [\"logo\"]}}]',10,1),(215,'2020-06-22 03:14:21.950891','10','国邦电商',2,'[{\"changed\": {\"fields\": [\"logo\"]}}]',10,1),(216,'2020-06-22 03:17:18.120620','6','西安布丁猫舍',2,'[{\"changed\": {\"fields\": [\"logo\"]}}]',10,1),(217,'2020-06-22 03:18:34.434222','6','西安布丁猫舍',2,'[{\"changed\": {\"fields\": [\"logo\"]}}]',10,1),(218,'2020-06-22 03:18:46.194576','6','西安布丁猫舍',2,'[{\"changed\": {\"fields\": [\"logo\"]}}]',10,1),(219,'2020-06-22 12:36:17.441982','15','APP  SAAS',2,'[{\"changed\": {\"fields\": [\"icon\"]}}]',18,1),(220,'2020-06-22 12:36:38.559555','14','网站 SAAS',2,'[{\"changed\": {\"fields\": [\"icon\"]}}]',18,1),(221,'2020-06-22 12:39:16.532545','5','专属 UI 设计师',3,'',16,1),(222,'2020-06-22 12:39:40.709006','8','专职项目经理',3,'',16,1),(223,'2020-06-22 12:39:40.726855','7','成熟的解决方案',3,'',16,1),(224,'2020-06-22 12:39:40.730034','6','完整产品中心',3,'',16,1),(225,'2020-06-22 12:40:07.506754','9','电商 APP',2,'[{\"changed\": {\"fields\": [\"name\", \"excerpt\"]}}]',16,1),(226,'2020-06-22 12:40:21.691485','10','社交类 APP 小程序',2,'[{\"changed\": {\"fields\": [\"excerpt\"]}}]',16,1),(227,'2020-06-22 12:40:26.161687','10','社交类 APP',2,'[{\"changed\": {\"fields\": [\"name\"]}}]',16,1),(228,'2020-06-22 12:40:30.490576','11','车辆信息类 APP',2,'[{\"changed\": {\"fields\": [\"name\"]}}]',16,1),(229,'2020-06-22 12:42:49.239532','10','社交类 APP',2,'[{\"changed\": {\"fields\": [\"excerpt\"]}}]',16,1),(230,'2020-06-22 12:47:07.531700','9','电商 APP',2,'[{\"changed\": {\"fields\": [\"excerpt\"]}}]',16,1),(231,'2020-06-22 12:52:43.531267','11','车辆信息类 APP',2,'[{\"changed\": {\"fields\": [\"excerpt\"]}}]',16,1),(232,'2020-06-22 12:52:59.265382','11','车辆信息类',2,'[{\"changed\": {\"fields\": [\"name\"]}}]',16,1),(233,'2020-06-22 12:55:01.584933','22','家政 APP',1,'[{\"added\": {}}]',16,1),(234,'2020-06-22 12:55:13.953388','2','APP 定制开发',2,'[{\"changed\": {\"fields\": [\"product_func\"]}}]',18,1),(235,'2020-06-22 14:09:45.292016','11','车辆信息类 APP',2,'[{\"changed\": {\"fields\": [\"name\"]}}]',16,1),(236,'2020-06-22 14:14:49.052729','3','39车源网',2,'[{\"changed\": {\"fields\": [\"logo\"]}}]',10,1),(237,'2020-06-22 14:16:16.694695','2','APP 定制开发',2,'[{\"changed\": {\"fields\": [\"product_adv\", \"product_cos\"]}}]',18,1),(238,'2020-06-22 14:17:49.643153','9','专职技术负责人',1,'[{\"added\": {}}]',14,1),(239,'2020-06-22 14:17:52.149990','2','APP 定制开发',2,'[{\"changed\": {\"fields\": [\"product_adv\"]}}]',18,1),(240,'2020-06-22 14:20:18.041928','9','biwork',2,'[{\"changed\": {\"fields\": [\"logo\"]}}]',10,1),(241,'2020-06-22 14:34:06.005793','4','网站域名备案文档',2,'[{\"changed\": {\"fields\": [\"name\", \"excerpt\", \"detail\"]}}]',15,1),(242,'2020-06-22 14:42:25.560224','23','电商小程序',1,'[{\"added\": {}}]',16,1),(243,'2020-06-22 14:45:28.823728','24','预订类小程序',1,'[{\"added\": {}}]',16,1),(244,'2020-06-22 14:48:02.268140','25','在线点餐',1,'[{\"added\": {}}]',16,1),(245,'2020-06-22 14:48:04.915209','10','小程序定制开发',2,'[{\"changed\": {\"fields\": [\"product_func\"]}}]',18,1),(246,'2020-06-22 14:49:31.947904','10','小程序定制开发',2,'[{\"changed\": {\"fields\": [\"product_adv\"]}}]',18,1),(247,'2020-06-22 22:47:43.508302','26','服务预定小程序',1,'[{\"added\": {}}]',16,1),(248,'2020-06-22 22:48:37.690102','27','在线订票小程序',1,'[{\"added\": {}}]',16,1),(249,'2020-06-22 22:49:19.033533','28','文章资讯',1,'[{\"added\": {}}]',16,1),(250,'2020-06-22 22:49:57.101669','29','企业展示',1,'[{\"added\": {}}]',16,1),(251,'2020-06-22 22:51:11.340436','30','互动功能类小程序',1,'[{\"added\": {}}]',16,1),(252,'2020-06-22 22:51:19.026184','10','小程序定制开发',2,'[{\"changed\": {\"fields\": [\"product_func\"]}}]',18,1),(253,'2020-06-22 22:53:25.050306','10','无需安装',1,'[{\"added\": {}}]',14,1),(254,'2020-06-22 22:53:27.403570','10','小程序定制开发',2,'[{\"changed\": {\"fields\": [\"product_adv\"]}}]',18,1),(255,'2020-06-22 23:04:30.262266','31','门户网站',1,'[{\"added\": {}}]',16,1),(256,'2020-06-22 23:05:05.772884','32','网络课堂',1,'[{\"added\": {}}]',16,1),(257,'2020-06-22 23:05:47.248880','33','辅助教学',1,'[{\"added\": {}}]',16,1),(258,'2020-06-22 23:06:34.900234','34','教务工具',1,'[{\"added\": {}}]',16,1),(259,'2020-06-22 23:07:12.133497','35','财务管理',1,'[{\"added\": {}}]',16,1),(260,'2020-06-22 23:07:46.311571','36','网校管理',1,'[{\"added\": {}}]',16,1),(261,'2020-06-22 23:07:52.013459','12','在线教育',2,'[{\"changed\": {\"fields\": [\"product_func\"]}}]',18,1),(262,'2020-06-22 23:08:27.394244','12','在线教育',2,'[{\"changed\": {\"fields\": [\"product_adv\"]}}]',18,1),(263,'2020-06-22 23:11:20.880326','37','大数据智能平台',1,'[{\"added\": {}}]',16,1),(264,'2020-06-22 23:11:23.873525','12','在线教育',2,'[{\"changed\": {\"fields\": [\"product_func\"]}}]',18,1),(265,'2020-06-22 23:13:50.312930','38','大数据平台',1,'[{\"added\": {}}]',16,1),(266,'2020-06-22 23:14:18.621930','39','GIS平台',1,'[{\"added\": {}}]',16,1),(267,'2020-06-22 23:14:41.363164','40','党建平台',1,'[{\"added\": {}}]',16,1),(268,'2020-06-22 23:15:12.064681','41','网格平台',1,'[{\"added\": {}}]',16,1),(269,'2020-06-22 23:15:28.553401','42','综治平台',1,'[{\"added\": {}}]',16,1),(270,'2020-06-22 23:15:47.693223','43','政务平台',1,'[{\"added\": {}}]',16,1),(271,'2020-06-22 23:16:01.404097','44','生活服务',1,'[{\"added\": {}}]',16,1),(272,'2020-06-22 23:16:06.083185','13','智慧社区',2,'[{\"changed\": {\"fields\": [\"product_func\"]}}]',18,1),(273,'2020-06-22 23:16:28.742912','13','智慧社区',2,'[{\"changed\": {\"fields\": [\"product_adv\"]}}]',18,1),(274,'2020-06-22 23:22:27.731466','14','网站 SAAS',2,'[{\"changed\": {\"fields\": [\"product_adv\"]}}]',18,1),(275,'2020-06-22 23:22:45.705828','15','APP  SAAS',2,'[{\"changed\": {\"fields\": [\"product_adv\"]}}]',18,1),(276,'2020-06-22 23:24:01.447958','11','自定义 UI',1,'[{\"added\": {}}]',14,1),(277,'2020-06-22 23:24:30.197049','14','网站 SAAS',2,'[{\"changed\": {\"fields\": [\"product_adv\"]}}]',18,1),(278,'2020-06-22 23:25:02.739529','14','网站 SAAS',2,'[{\"changed\": {\"fields\": [\"product_adv\"]}}]',18,1),(279,'2020-06-22 23:25:23.132579','15','APP  SAAS',2,'[{\"changed\": {\"fields\": [\"product_adv\"]}}]',18,1),(280,'2020-06-23 04:02:15.532910','12','费用较低',1,'[{\"added\": {}}]',14,1),(281,'2020-06-23 04:02:41.086722','13','缩短获得收益时间',1,'[{\"added\": {}}]',14,1),(282,'2020-06-23 04:03:29.153754','14','能够自动免费升级',1,'[{\"added\": {}}]',14,1),(283,'2020-06-23 04:04:07.847531','15','具备可扩展性',1,'[{\"added\": {}}]',14,1),(284,'2020-06-23 04:04:29.477373','14','网站 SAAS',2,'[{\"changed\": {\"fields\": [\"product_adv\"]}}]',18,1),(285,'2020-06-23 04:04:50.393346','15','APP  SAAS',2,'[{\"changed\": {\"fields\": [\"product_adv\"]}}]',18,1),(286,'2020-06-23 11:52:28.168617','14','网站 SAAS',2,'[{\"changed\": {\"fields\": [\"product_func\"]}}]',18,1),(287,'2020-06-23 11:53:06.911760','15','APP  SAAS',2,'[{\"changed\": {\"fields\": [\"product_func\"]}}]',18,1),(288,'2020-06-23 11:57:25.724072','45','关键词分析与优化',1,'[{\"added\": {}}]',16,1),(289,'2020-06-23 11:57:30.034878','11','SEO 快速排名',2,'[{\"changed\": {\"fields\": [\"product_func\"]}}]',18,1),(290,'2020-06-23 11:58:32.744477','46','网站架构分析与优化',1,'[{\"added\": {}}]',16,1),(291,'2020-06-23 11:59:07.101234','47','网站目录和页面优化',1,'[{\"added\": {}}]',16,1),(292,'2020-06-23 11:59:38.260918','48','内容发布和链接布置',1,'[{\"added\": {}}]',16,1),(293,'2020-06-23 12:00:39.740275','49','内容优化',1,'[{\"added\": {}}]',16,1),(294,'2020-06-23 12:01:30.382090','50','内链优化',1,'[{\"added\": {}}]',16,1),(295,'2020-06-23 12:04:36.220723','51','外链优化',1,'[{\"added\": {}}]',16,1),(296,'2020-06-23 12:04:38.515717','11','SEO 快速排名',2,'[{\"changed\": {\"fields\": [\"product_func\"]}}]',18,1),(297,'2020-06-23 12:05:33.410592','48','内容发布和链接布置',3,'',16,1),(298,'2020-06-23 12:06:39.680341','11','SEO 快速排名',2,'[{\"changed\": {\"fields\": [\"product_adv\"]}}]',18,1),(299,'2020-06-23 12:07:42.237283','16','短期见效',1,'[{\"added\": {}}]',14,1),(300,'2020-06-23 12:07:44.335207','11','SEO 快速排名',2,'[{\"changed\": {\"fields\": [\"product_adv\"]}}]',18,1),(301,'2020-06-23 12:09:27.073727','14','网站 SAAS',2,'[{\"changed\": {\"fields\": [\"product_cos\"]}}]',18,1),(302,'2020-06-23 12:20:20.543804','9','biwork',2,'[{\"changed\": {\"fields\": [\"logo\"]}}]',10,1),(303,'2020-06-23 12:20:57.433461','3','39车源网',2,'[{\"changed\": {\"fields\": [\"logo\"]}}]',10,1),(304,'2020-06-23 12:23:21.629055','3','39车源网',2,'[{\"changed\": {\"fields\": [\"excerpt\"]}}]',10,1),(305,'2020-06-23 12:24:09.449989','1','机构网站建设',2,'[{\"changed\": {\"fields\": [\"product_cos\"]}}]',18,1),(306,'2020-06-23 12:25:05.720913','12','在线教育',2,'[{\"changed\": {\"fields\": [\"product_cos\"]}}]',18,1),(307,'2020-06-23 12:25:13.527934','1','机构网站建设',2,'[{\"changed\": {\"fields\": [\"product_cos\"]}}]',18,1),(308,'2020-06-23 12:25:52.161257','15','APP  SAAS',2,'[{\"changed\": {\"fields\": [\"product_cos\"]}}]',18,1),(309,'2020-06-23 12:26:02.452997','2','APP 定制开发',2,'[{\"changed\": {\"fields\": [\"product_cos\"]}}]',18,1),(310,'2020-06-23 13:19:47.305553','2','APP 定制开发',2,'[{\"changed\": {\"fields\": [\"product_doc\"]}}]',18,1),(311,'2020-06-23 13:19:54.531138','10','小程序定制开发',2,'[{\"changed\": {\"fields\": [\"product_doc\"]}}]',18,1),(312,'2020-06-23 13:20:08.555487','11','SEO 快速排名',2,'[{\"changed\": {\"fields\": [\"product_doc\"]}}]',18,1),(313,'2020-06-23 13:20:19.698138','12','在线教育',2,'[{\"changed\": {\"fields\": [\"product_doc\"]}}]',18,1),(314,'2020-06-23 13:20:27.246726','13','智慧社区',2,'[{\"changed\": {\"fields\": [\"product_doc\"]}}]',18,1),(315,'2020-06-23 13:20:36.053188','14','网站 SAAS',2,'[{\"changed\": {\"fields\": [\"product_doc\"]}}]',18,1),(316,'2020-06-23 13:20:44.290463','15','APP  SAAS',2,'[{\"changed\": {\"fields\": [\"product_doc\"]}}]',18,1),(317,'2020-06-24 00:47:55.274285','3','shijiang guo',3,'',13,1),(318,'2020-06-24 00:47:55.277703','2','苏镇',3,'',13,1),(319,'2020-06-24 00:47:55.279901','1','郭世江',3,'',13,1),(320,'2020-06-24 13:20:58.714695','2','疫情下的自如猛涨租，疫情过后租房市场格局会发生变化吗',3,'',19,1),(321,'2020-06-24 13:21:57.503468','1','由知鱼定制开发的特氟龙（天津）防腐科技官网上线',2,'[{\"changed\": {\"fields\": [\"title\", \"excerpt\"]}}]',19,1),(322,'2020-06-24 13:39:23.142814','1','由知鱼定制开发的特氟龙（天津）防腐科技官网上线',2,'[{\"changed\": {\"fields\": [\"excerpt\", \"body\"]}}]',19,1),(323,'2020-06-24 13:44:26.286968','3','知鱼定制团队与问我学院达成长期战略合作',1,'[{\"added\": {}}]',19,1),(324,'2020-06-24 13:45:30.377531','1','由知鱼定制开发的特氟龙（天津）防腐科技官网上线',2,'[{\"changed\": {\"fields\": [\"img\"]}}]',19,1),(325,'2020-06-25 00:16:53.703995','5','shijiang guo',3,'',13,1),(326,'2020-06-25 00:16:53.707177','4','苏镇',3,'',13,1),(327,'2020-06-25 13:53:17.056539','1','2016',2,'[{\"changed\": {\"fields\": [\"detail\"]}}]',23,1),(328,'2020-06-25 13:54:10.506078','1','2016',2,'[{\"changed\": {\"fields\": [\"detail\"]}}]',23,1),(329,'2020-06-25 23:50:44.248370','1','129492844200',2,'[{\"changed\": {\"fields\": [\"qq\"]}}]',9,1),(330,'2020-06-26 01:08:33.111152','12','信息发布系统',2,'[{\"changed\": {\"fields\": [\"excerpt\"]}}]',16,1),(331,'2020-06-26 12:19:54.078804','1','1294928442',2,'[{\"changed\": {\"fields\": [\"qq\", \"phone\"]}}]',9,1),(332,'2020-06-26 12:20:14.121312','1','1294928442',2,'[{\"changed\": {\"fields\": [\"phone\"]}}]',9,1),(333,'2020-06-26 12:21:13.686034','1','2016 年 7 月',2,'[{\"changed\": {\"fields\": [\"period\"]}}]',23,1),(334,'2020-06-26 12:23:11.562849','1','2016 .07',2,'[{\"changed\": {\"fields\": [\"period\", \"detail\"]}}]',23,1),(335,'2020-06-26 12:25:13.338590','2','2017.01',2,'[{\"changed\": {\"fields\": [\"period\", \"detail\"]}}]',23,1),(336,'2020-06-26 12:26:04.948366','2','2017',2,'[{\"changed\": {\"fields\": [\"period\"]}}]',23,1),(337,'2020-06-26 12:26:13.084369','1','2016',2,'[{\"changed\": {\"fields\": [\"period\"]}}]',23,1),(338,'2020-06-26 12:27:49.409403','3','2018',2,'[{\"changed\": {\"fields\": [\"detail\"]}}]',23,1),(339,'2020-06-26 12:29:18.555037','3','2018',2,'[{\"changed\": {\"fields\": [\"detail\"]}}]',23,1),(340,'2020-06-26 12:31:15.750392','3','2018',2,'[{\"changed\": {\"fields\": [\"detail\"]}}]',23,1),(341,'2020-06-26 12:31:49.420040','3','2018',2,'[{\"changed\": {\"fields\": [\"detail\"]}}]',23,1),(342,'2020-06-26 12:31:55.198108','3','2018',2,'[{\"changed\": {\"fields\": [\"detail\"]}}]',23,1),(343,'2020-06-26 12:33:44.261655','4','2019',2,'[{\"changed\": {\"fields\": [\"detail\"]}}]',23,1),(344,'2020-06-26 12:34:41.211870','5','2020',2,'[{\"changed\": {\"fields\": [\"detail\"]}}]',23,1),(345,'2020-06-26 12:35:37.693788','5','2020',2,'[{\"changed\": {\"fields\": [\"detail\"]}}]',23,1),(346,'2020-06-26 12:36:10.275072','3','2018',2,'[{\"changed\": {\"fields\": [\"detail\"]}}]',23,1),(347,'2020-06-26 12:36:22.956679','2','2017',2,'[{\"changed\": {\"fields\": [\"detail\"]}}]',23,1),(348,'2020-06-26 12:36:44.722884','2','2017',2,'[{\"changed\": {\"fields\": [\"detail\"]}}]',23,1),(349,'2020-06-26 12:38:15.185064','1','技术团队',2,'[{\"changed\": {\"fields\": [\"detail\"]}}]',24,1),(350,'2020-06-26 12:38:49.703217','1','技术团队',2,'[{\"changed\": {\"fields\": [\"detail\"]}}]',24,1),(351,'2020-06-26 12:40:42.500511','1','技术团队',2,'[{\"changed\": {\"fields\": [\"detail\"]}}]',24,1),(352,'2020-06-26 12:41:26.353580','1','技术团队',2,'[{\"changed\": {\"fields\": [\"detail\"]}}]',24,1),(353,'2020-06-26 12:42:18.451881','1','技术团队',2,'[{\"changed\": {\"fields\": [\"detail\"]}}]',24,1),(354,'2020-06-26 12:46:09.235081','1','技术团队',2,'[{\"changed\": {\"fields\": [\"detail\"]}}]',24,1),(355,'2020-06-26 12:47:36.210721','1','技术团队',2,'[{\"changed\": {\"fields\": [\"detail\"]}}]',24,1),(356,'2020-06-26 12:49:18.864747','5','2020',2,'[{\"changed\": {\"fields\": [\"detail\"]}}]',23,1),(357,'2020-06-26 12:49:33.667513','1','2016',2,'[{\"changed\": {\"fields\": [\"detail\"]}}]',23,1),(358,'2020-06-26 12:49:46.019893','2','2017',2,'[{\"changed\": {\"fields\": [\"detail\"]}}]',23,1),(359,'2020-06-26 12:50:38.500041','4','2019',2,'[{\"changed\": {\"fields\": [\"detail\"]}}]',23,1),(360,'2020-06-26 13:09:00.033394','4','公告：知鱼定制新版官网启用，旧版自今日起停止服务',1,'[{\"added\": {}}]',19,1),(361,'2020-08-17 02:18:25.952944','7','shijiang guo',3,'',13,1),(362,'2020-08-17 02:18:25.957144','6','shijiang guo',3,'',13,1),(363,'2020-08-17 02:19:19.123346','1','1294928442',2,'[{\"changed\": {\"fields\": [\"phone\"]}}]',9,1),(364,'2021-05-16 05:04:45.010782','5','椭圆曲线科技有限公司知鱼定制团队网站产品详细介绍',1,'[{\"added\": {}}]',19,1),(365,'2021-05-23 12:47:43.573081','2','chengcy',1,'[{\"added\": {}}]',4,1),(366,'2021-05-23 12:47:58.587976','2','chengcy',2,'[{\"changed\": {\"fields\": [\"first_name\", \"last_name\", \"email\", \"is_staff\", \"user_permissions\"]}}]',4,1);
/*!40000 ALTER TABLE `django_admin_log` ENABLE KEYS */;
UNLOCK TABLES;

--
-- Table structure for table `django_content_type`
--

DROP TABLE IF EXISTS `django_content_type`;
/*!40101 SET @saved_cs_client     = @@character_set_client */;
/*!40101 SET character_set_client = utf8 */;
CREATE TABLE `django_content_type` (
  `id` int(11) NOT NULL AUTO_INCREMENT,
  `app_label` varchar(100) NOT NULL,
  `model` varchar(100) NOT NULL,
  PRIMARY KEY (`id`),
  UNIQUE KEY `django_content_type_app_label_model_76bd3d3b_uniq` (`app_label`,`model`)
) ENGINE=InnoDB AUTO_INCREMENT=25 DEFAULT CHARSET=utf8;
/*!40101 SET character_set_client = @saved_cs_client */;

--
-- Dumping data for table `django_content_type`
--

LOCK TABLES `django_content_type` WRITE;
/*!40000 ALTER TABLE `django_content_type` DISABLE KEYS */;
INSERT INTO `django_content_type` VALUES (1,'admin','logentry'),(3,'auth','group'),(2,'auth','permission'),(4,'auth','user'),(5,'contenttypes','contenttype'),(6,'sessions','session'),(21,'zhifishes','apiauth'),(7,'zhifishes','banner'),(20,'zhifishes','case'),(8,'zhifishes','category'),(22,'zhifishes','companyintro'),(9,'zhifishes','contactus'),(10,'zhifishes','costomer'),(23,'zhifishes','devhis'),(11,'zhifishes','link'),(12,'zhifishes','navcat'),(19,'zhifishes','news'),(13,'zhifishes','onlinemsg'),(18,'zhifishes','product'),(14,'zhifishes','productadvantage'),(15,'zhifishes','productdocs'),(16,'zhifishes','productfunc'),(17,'zhifishes','solution'),(24,'zhifishes','techteam');
/*!40000 ALTER TABLE `django_content_type` ENABLE KEYS */;
UNLOCK TABLES;

--
-- Table structure for table `django_migrations`
--

DROP TABLE IF EXISTS `django_migrations`;
/*!40101 SET @saved_cs_client     = @@character_set_client */;
/*!40101 SET character_set_client = utf8 */;
CREATE TABLE `django_migrations` (
  `id` int(11) NOT NULL AUTO_INCREMENT,
  `app` varchar(255) NOT NULL,
  `name` varchar(255) NOT NULL,
  `applied` datetime(6) NOT NULL,
  PRIMARY KEY (`id`)
) ENGINE=InnoDB AUTO_INCREMENT=28 DEFAULT CHARSET=utf8;
/*!40101 SET character_set_client = @saved_cs_client */;

--
-- Dumping data for table `django_migrations`
--

LOCK TABLES `django_migrations` WRITE;
/*!40000 ALTER TABLE `django_migrations` DISABLE KEYS */;
INSERT INTO `django_migrations` VALUES (1,'contenttypes','0001_initial','2020-06-08 02:11:49.793116'),(2,'auth','0001_initial','2020-06-08 02:11:49.952910'),(3,'admin','0001_initial','2020-06-08 02:11:50.322385'),(4,'admin','0002_logentry_remove_auto_add','2020-06-08 02:11:50.420713'),(5,'admin','0003_logentry_add_action_flag_choices','2020-06-08 02:11:50.430731'),(6,'contenttypes','0002_remove_content_type_name','2020-06-08 02:11:50.519081'),(7,'auth','0002_alter_permission_name_max_length','2020-06-08 02:11:50.561077'),(8,'auth','0003_alter_user_email_max_length','2020-06-08 02:11:50.619750'),(9,'auth','0004_alter_user_username_opts','2020-06-08 02:11:50.630910'),(10,'auth','0005_alter_user_last_login_null','2020-06-08 02:11:50.668986'),(11,'auth','0006_require_contenttypes_0002','2020-06-08 02:11:50.672247'),(12,'auth','0007_alter_validators_add_error_messages','2020-06-08 02:11:50.682487'),(13,'auth','0008_alter_user_username_max_length','2020-06-08 02:11:50.734501'),(14,'auth','0009_alter_user_last_name_max_length','2020-06-08 02:11:50.783633'),(15,'auth','0010_alter_group_name_max_length','2020-06-08 02:11:50.832011'),(16,'auth','0011_update_proxy_permissions','2020-06-08 02:11:50.842091'),(17,'sessions','0001_initial','2020-06-08 02:11:50.862656'),(18,'zhifishes','0001_initial','2020-06-08 02:11:51.317789'),(19,'zhifishes','0002_apiauth','2020-06-08 02:11:52.516482'),(20,'zhifishes','0003_auto_20200607_0719','2020-06-08 02:11:52.634861'),(21,'zhifishes','0004_auto_20200607_0746','2020-06-08 02:11:52.804038'),(22,'zhifishes','0005_weima','2020-06-08 02:11:52.882937'),(23,'zhifishes','0006_banner_banner_mark','2020-06-08 02:11:52.950284'),(24,'zhifishes','0007_auto_20200608_0754','2020-06-08 02:11:53.592837'),(25,'zhifishes','0008_companyintro_devhis_techteam','2020-06-08 02:11:53.660995'),(26,'zhifishes','0009_contactus_is_del','2020-06-08 02:11:53.776077'),(27,'zhifishes','0010_auto_20200618_0656','2020-06-17 23:01:09.924090');
/*!40000 ALTER TABLE `django_migrations` ENABLE KEYS */;
UNLOCK TABLES;

--
-- Table structure for table `django_session`
--

DROP TABLE IF EXISTS `django_session`;
/*!40101 SET @saved_cs_client     = @@character_set_client */;
/*!40101 SET character_set_client = utf8 */;
CREATE TABLE `django_session` (
  `session_key` varchar(40) NOT NULL,
  `session_data` longtext NOT NULL,
  `expire_date` datetime(6) NOT NULL,
  PRIMARY KEY (`session_key`),
  KEY `django_session_expire_date_a5c62663` (`expire_date`)
) ENGINE=InnoDB DEFAULT CHARSET=utf8;
/*!40101 SET character_set_client = @saved_cs_client */;

--
-- Dumping data for table `django_session`
--

LOCK TABLES `django_session` WRITE;
/*!40000 ALTER TABLE `django_session` DISABLE KEYS */;
INSERT INTO `django_session` VALUES ('1tjqo2x4zwh18qoijxcw2k0zuiys3swp','MDNmYzNkZTM1Yjg1ODAwM2E2NjFiZDNiYjhhOWYzYTk5OTk4ZjQ3ZDp7Il9hdXRoX3VzZXJfaWQiOiIxIiwiX2F1dGhfdXNlcl9iYWNrZW5kIjoiZGphbmdvLmNvbnRyaWIuYXV0aC5iYWNrZW5kcy5Nb2RlbEJhY2tlbmQiLCJfYXV0aF91c2VyX2hhc2giOiIzNDhlMmI0ZTc1MDQ4ZDllNjIxYjk3MzI1MmFjMjEyYmJhNzM4NmZiIn0=','2021-08-15 10:20:39.770010'),('360dwnzbg1p3m5n19zgwl96wmjlqef3w','MDNmYzNkZTM1Yjg1ODAwM2E2NjFiZDNiYjhhOWYzYTk5OTk4ZjQ3ZDp7Il9hdXRoX3VzZXJfaWQiOiIxIiwiX2F1dGhfdXNlcl9iYWNrZW5kIjoiZGphbmdvLmNvbnRyaWIuYXV0aC5iYWNrZW5kcy5Nb2RlbEJhY2tlbmQiLCJfYXV0aF91c2VyX2hhc2giOiIzNDhlMmI0ZTc1MDQ4ZDllNjIxYjk3MzI1MmFjMjEyYmJhNzM4NmZiIn0=','2020-07-10 12:19:37.913790'),('5irm0esmfni0tjcb13x0ieuhig2wost4','ZDAzOGVjYmIzMzI2YWJkOGQ4NDYwZjFmZmNjNTBjNDIzODdjOWQ1Mjp7Il9hdXRoX3VzZXJfaWQiOiIyIiwiX2F1dGhfdXNlcl9iYWNrZW5kIjoiZGphbmdvLmNvbnRyaWIuYXV0aC5iYWNrZW5kcy5Nb2RlbEJhY2tlbmQiLCJfYXV0aF91c2VyX2hhc2giOiIyZjdhNzg4OTgwYzA3NWVlNjcxOWU2OTE3YTYyNDUzNGE4OWE3ZTQ1In0=','2021-06-06 12:48:41.592431'),('5xoc1rj3cchuoefceh9e6cxh765hjej2','MDNmYzNkZTM1Yjg1ODAwM2E2NjFiZDNiYjhhOWYzYTk5OTk4ZjQ3ZDp7Il9hdXRoX3VzZXJfaWQiOiIxIiwiX2F1dGhfdXNlcl9iYWNrZW5kIjoiZGphbmdvLmNvbnRyaWIuYXV0aC5iYWNrZW5kcy5Nb2RlbEJhY2tlbmQiLCJfYXV0aF91c2VyX2hhc2giOiIzNDhlMmI0ZTc1MDQ4ZDllNjIxYjk3MzI1MmFjMjEyYmJhNzM4NmZiIn0=','2020-07-09 14:24:31.784187'),('6xusvixlc8khzdbh14bpq0awganpkqem','MDNmYzNkZTM1Yjg1ODAwM2E2NjFiZDNiYjhhOWYzYTk5OTk4ZjQ3ZDp7Il9hdXRoX3VzZXJfaWQiOiIxIiwiX2F1dGhfdXNlcl9iYWNrZW5kIjoiZGphbmdvLmNvbnRyaWIuYXV0aC5iYWNrZW5kcy5Nb2RlbEJhY2tlbmQiLCJfYXV0aF91c2VyX2hhc2giOiIzNDhlMmI0ZTc1MDQ4ZDllNjIxYjk3MzI1MmFjMjEyYmJhNzM4NmZiIn0=','2021-10-01 11:43:06.532937'),('9n6refm0angz6u50kjr4ann19osr76n8','MDNmYzNkZTM1Yjg1ODAwM2E2NjFiZDNiYjhhOWYzYTk5OTk4ZjQ3ZDp7Il9hdXRoX3VzZXJfaWQiOiIxIiwiX2F1dGhfdXNlcl9iYWNrZW5kIjoiZGphbmdvLmNvbnRyaWIuYXV0aC5iYWNrZW5kcy5Nb2RlbEJhY2tlbmQiLCJfYXV0aF91c2VyX2hhc2giOiIzNDhlMmI0ZTc1MDQ4ZDllNjIxYjk3MzI1MmFjMjEyYmJhNzM4NmZiIn0=','2020-07-09 13:53:08.214407'),('9yggngaje8xujnlx78j8nkf3vurkewfn','MDNmYzNkZTM1Yjg1ODAwM2E2NjFiZDNiYjhhOWYzYTk5OTk4ZjQ3ZDp7Il9hdXRoX3VzZXJfaWQiOiIxIiwiX2F1dGhfdXNlcl9iYWNrZW5kIjoiZGphbmdvLmNvbnRyaWIuYXV0aC5iYWNrZW5kcy5Nb2RlbEJhY2tlbmQiLCJfYXV0aF91c2VyX2hhc2giOiIzNDhlMmI0ZTc1MDQ4ZDllNjIxYjk3MzI1MmFjMjEyYmJhNzM4NmZiIn0=','2020-09-25 23:41:37.073728'),('a93el7mzn9g3kj0pldosw6d8bduf2hxq','MDNmYzNkZTM1Yjg1ODAwM2E2NjFiZDNiYjhhOWYzYTk5OTk4ZjQ3ZDp7Il9hdXRoX3VzZXJfaWQiOiIxIiwiX2F1dGhfdXNlcl9iYWNrZW5kIjoiZGphbmdvLmNvbnRyaWIuYXV0aC5iYWNrZW5kcy5Nb2RlbEJhY2tlbmQiLCJfYXV0aF91c2VyX2hhc2giOiIzNDhlMmI0ZTc1MDQ4ZDllNjIxYjk3MzI1MmFjMjEyYmJhNzM4NmZiIn0=','2021-05-30 05:00:55.258693'),('abi7hzaiq9bh1yc2913gg9auxh69ae9m','MDNmYzNkZTM1Yjg1ODAwM2E2NjFiZDNiYjhhOWYzYTk5OTk4ZjQ3ZDp7Il9hdXRoX3VzZXJfaWQiOiIxIiwiX2F1dGhfdXNlcl9iYWNrZW5kIjoiZGphbmdvLmNvbnRyaWIuYXV0aC5iYWNrZW5kcy5Nb2RlbEJhY2tlbmQiLCJfYXV0aF91c2VyX2hhc2giOiIzNDhlMmI0ZTc1MDQ4ZDllNjIxYjk3MzI1MmFjMjEyYmJhNzM4NmZiIn0=','2020-08-31 02:18:10.702107'),('f0028t1nipyctdxphtm6vn3oqg854oyq','MDNmYzNkZTM1Yjg1ODAwM2E2NjFiZDNiYjhhOWYzYTk5OTk4ZjQ3ZDp7Il9hdXRoX3VzZXJfaWQiOiIxIiwiX2F1dGhfdXNlcl9iYWNrZW5kIjoiZGphbmdvLmNvbnRyaWIuYXV0aC5iYWNrZW5kcy5Nb2RlbEJhY2tlbmQiLCJfYXV0aF91c2VyX2hhc2giOiIzNDhlMmI0ZTc1MDQ4ZDllNjIxYjk3MzI1MmFjMjEyYmJhNzM4NmZiIn0=','2021-07-05 13:52:28.638962'),('g66i9l6a095xgn6yoi616q1rjtgo5ex7','MDNmYzNkZTM1Yjg1ODAwM2E2NjFiZDNiYjhhOWYzYTk5OTk4ZjQ3ZDp7Il9hdXRoX3VzZXJfaWQiOiIxIiwiX2F1dGhfdXNlcl9iYWNrZW5kIjoiZGphbmdvLmNvbnRyaWIuYXV0aC5iYWNrZW5kcy5Nb2RlbEJhY2tlbmQiLCJfYXV0aF91c2VyX2hhc2giOiIzNDhlMmI0ZTc1MDQ4ZDllNjIxYjk3MzI1MmFjMjEyYmJhNzM4NmZiIn0=','2020-07-09 09:02:51.020050'),('isa6hl90156xh1ey9bawamlj9kz7pqlf','MDNmYzNkZTM1Yjg1ODAwM2E2NjFiZDNiYjhhOWYzYTk5OTk4ZjQ3ZDp7Il9hdXRoX3VzZXJfaWQiOiIxIiwiX2F1dGhfdXNlcl9iYWNrZW5kIjoiZGphbmdvLmNvbnRyaWIuYXV0aC5iYWNrZW5kcy5Nb2RlbEJhY2tlbmQiLCJfYXV0aF91c2VyX2hhc2giOiIzNDhlMmI0ZTc1MDQ4ZDllNjIxYjk3MzI1MmFjMjEyYmJhNzM4NmZiIn0=','2020-09-12 08:43:22.495200'),('nqar6y5fljh2u3i6hs7lv3r3bv9ynnz0','MDNmYzNkZTM1Yjg1ODAwM2E2NjFiZDNiYjhhOWYzYTk5OTk4ZjQ3ZDp7Il9hdXRoX3VzZXJfaWQiOiIxIiwiX2F1dGhfdXNlcl9iYWNrZW5kIjoiZGphbmdvLmNvbnRyaWIuYXV0aC5iYWNrZW5kcy5Nb2RlbEJhY2tlbmQiLCJfYXV0aF91c2VyX2hhc2giOiIzNDhlMmI0ZTc1MDQ4ZDllNjIxYjk3MzI1MmFjMjEyYmJhNzM4NmZiIn0=','2021-08-21 15:19:30.189070'),('ta3x5c7z3qzpzdn6r4kcrdn682iuably','MDNmYzNkZTM1Yjg1ODAwM2E2NjFiZDNiYjhhOWYzYTk5OTk4ZjQ3ZDp7Il9hdXRoX3VzZXJfaWQiOiIxIiwiX2F1dGhfdXNlcl9iYWNrZW5kIjoiZGphbmdvLmNvbnRyaWIuYXV0aC5iYWNrZW5kcy5Nb2RlbEJhY2tlbmQiLCJfYXV0aF91c2VyX2hhc2giOiIzNDhlMmI0ZTc1MDQ4ZDllNjIxYjk3MzI1MmFjMjEyYmJhNzM4NmZiIn0=','2020-07-25 08:41:31.081760'),('w07rltpkuzrryf32v04j49bt5fqolnx1','MDNmYzNkZTM1Yjg1ODAwM2E2NjFiZDNiYjhhOWYzYTk5OTk4ZjQ3ZDp7Il9hdXRoX3VzZXJfaWQiOiIxIiwiX2F1dGhfdXNlcl9iYWNrZW5kIjoiZGphbmdvLmNvbnRyaWIuYXV0aC5iYWNrZW5kcy5Nb2RlbEJhY2tlbmQiLCJfYXV0aF91c2VyX2hhc2giOiIzNDhlMmI0ZTc1MDQ4ZDllNjIxYjk3MzI1MmFjMjEyYmJhNzM4NmZiIn0=','2021-01-21 09:31:26.879471'),('znxd9tipruumft399s2ft1mucpw26xqc','MDNmYzNkZTM1Yjg1ODAwM2E2NjFiZDNiYjhhOWYzYTk5OTk4ZjQ3ZDp7Il9hdXRoX3VzZXJfaWQiOiIxIiwiX2F1dGhfdXNlcl9iYWNrZW5kIjoiZGphbmdvLmNvbnRyaWIuYXV0aC5iYWNrZW5kcy5Nb2RlbEJhY2tlbmQiLCJfYXV0aF91c2VyX2hhc2giOiIzNDhlMmI0ZTc1MDQ4ZDllNjIxYjk3MzI1MmFjMjEyYmJhNzM4NmZiIn0=','2020-06-22 02:19:49.859252');
/*!40000 ALTER TABLE `django_session` ENABLE KEYS */;
UNLOCK TABLES;

--
-- Table structure for table `zhifishes_apiauth`
--

DROP TABLE IF EXISTS `zhifishes_apiauth`;
/*!40101 SET @saved_cs_client     = @@character_set_client */;
/*!40101 SET character_set_client = utf8 */;
CREATE TABLE `zhifishes_apiauth` (
  `id` int(11) NOT NULL AUTO_INCREMENT,
  `created_at` datetime(6) NOT NULL,
  `updated_at` datetime(6) NOT NULL,
  `name` varchar(64) NOT NULL,
  `api_token` varchar(128) NOT NULL,
  `is_expire` varchar(128) NOT NULL,
  `status` varchar(32) NOT NULL,
  PRIMARY KEY (`id`),
  KEY `zhifishes_apiauth_created_at_4c7475b8` (`created_at`),
  KEY `zhifishes_apiauth_updated_at_691dc57f` (`updated_at`)
) ENGINE=InnoDB AUTO_INCREMENT=2 DEFAULT CHARSET=utf8;
/*!40101 SET character_set_client = @saved_cs_client */;

--
-- Dumping data for table `zhifishes_apiauth`
--

LOCK TABLES `zhifishes_apiauth` WRITE;
/*!40000 ALTER TABLE `zhifishes_apiauth` DISABLE KEYS */;
INSERT INTO `zhifishes_apiauth` VALUES (1,'2020-06-08 02:31:38.169038','2020-06-08 06:53:57.219822','zhifish','zhifish-76358255-2095-4dd9-932c-274702f99435','NO','Verified');
/*!40000 ALTER TABLE `zhifishes_apiauth` ENABLE KEYS */;
UNLOCK TABLES;

--
-- Table structure for table `zhifishes_banner`
--

DROP TABLE IF EXISTS `zhifishes_banner`;
/*!40101 SET @saved_cs_client     = @@character_set_client */;
/*!40101 SET character_set_client = utf8 */;
CREATE TABLE `zhifishes_banner` (
  `id` int(11) NOT NULL AUTO_INCREMENT,
  `created_at` datetime(6) NOT NULL,
  `updated_at` datetime(6) NOT NULL,
  `text_info` varchar(50) NOT NULL,
  `img` varchar(100) NOT NULL,
  `link_url` varchar(100) NOT NULL,
  `is_active` tinyint(1) NOT NULL,
  `banner_mark` varchar(50) NOT NULL,
  PRIMARY KEY (`id`),
  KEY `zhifishes_banner_created_at_794fc62b` (`created_at`),
  KEY `zhifishes_banner_updated_at_eebd6c45` (`updated_at`)
) ENGINE=InnoDB DEFAULT CHARSET=utf8;
/*!40101 SET character_set_client = @saved_cs_client */;

--
-- Dumping data for table `zhifishes_banner`
--

LOCK TABLES `zhifishes_banner` WRITE;
/*!40000 ALTER TABLE `zhifishes_banner` DISABLE KEYS */;
/*!40000 ALTER TABLE `zhifishes_banner` ENABLE KEYS */;
UNLOCK TABLES;

--
-- Table structure for table `zhifishes_case`
--

DROP TABLE IF EXISTS `zhifishes_case`;
/*!40101 SET @saved_cs_client     = @@character_set_client */;
/*!40101 SET character_set_client = utf8 */;
CREATE TABLE `zhifishes_case` (
  `id` int(11) NOT NULL AUTO_INCREMENT,
  `created_at` datetime(6) NOT NULL,
  `updated_at` datetime(6) NOT NULL,
  `title` varchar(70) NOT NULL,
  `img` varchar(100) DEFAULT NULL,
  `body` longtext NOT NULL,
  `views` int(10) unsigned NOT NULL,
  `is_del` varchar(16) NOT NULL,
  `nav_cat_id` int(11) DEFAULT NULL,
  PRIMARY KEY (`id`),
  KEY `zhifishes_case_nav_cat_id_06e48d6c_fk_zhifishes_navcat_id` (`nav_cat_id`),
  KEY `zhifishes_case_created_at_8143e278` (`created_at`),
  KEY `zhifishes_case_updated_at_03620779` (`updated_at`),
  CONSTRAINT `zhifishes_case_nav_cat_id_06e48d6c_fk_zhifishes_navcat_id` FOREIGN KEY (`nav_cat_id`) REFERENCES `zhifishes_navcat` (`id`)
) ENGINE=InnoDB DEFAULT CHARSET=utf8;
/*!40101 SET character_set_client = @saved_cs_client */;

--
-- Dumping data for table `zhifishes_case`
--

LOCK TABLES `zhifishes_case` WRITE;
/*!40000 ALTER TABLE `zhifishes_case` DISABLE KEYS */;
/*!40000 ALTER TABLE `zhifishes_case` ENABLE KEYS */;
UNLOCK TABLES;

--
-- Table structure for table `zhifishes_category`
--

DROP TABLE IF EXISTS `zhifishes_category`;
/*!40101 SET @saved_cs_client     = @@character_set_client */;
/*!40101 SET character_set_client = utf8 */;
CREATE TABLE `zhifishes_category` (
  `id` int(11) NOT NULL AUTO_INCREMENT,
  `created_at` datetime(6) NOT NULL,
  `updated_at` datetime(6) NOT NULL,
  `name` varchar(20) NOT NULL,
  `index` int(11) NOT NULL,
  `category_mark` varchar(20) NOT NULL,
  `nav_cat_id` int(11) DEFAULT NULL,
  PRIMARY KEY (`id`),
  KEY `zhifishes_category_created_at_9903558f` (`created_at`),
  KEY `zhifishes_category_updated_at_95b4895c` (`updated_at`),
  KEY `zhifishes_category_nav_cat_id_ea90e737_fk_zhifishes_navcat_id` (`nav_cat_id`),
  CONSTRAINT `zhifishes_category_nav_cat_id_ea90e737_fk_zhifishes_navcat_id` FOREIGN KEY (`nav_cat_id`) REFERENCES `zhifishes_navcat` (`id`)
) ENGINE=InnoDB AUTO_INCREMENT=25 DEFAULT CHARSET=utf8;
/*!40101 SET character_set_client = @saved_cs_client */;

--
-- Dumping data for table `zhifishes_category`
--

LOCK TABLES `zhifishes_category` WRITE;
/*!40000 ALTER TABLE `zhifishes_category` DISABLE KEYS */;
INSERT INTO `zhifishes_category` VALUES (1,'2020-06-08 11:56:52.152746','2020-06-08 11:56:52.152781','公司动态',999,'company_dyn',4),(2,'2020-06-08 11:57:20.359739','2020-06-08 11:57:20.359777','行业新闻',999,'industry_news',4),(3,'2020-06-08 11:58:07.800368','2020-06-21 23:04:21.142772','机构网站建设',999,'website',1),(4,'2020-06-08 11:58:35.976075','2020-06-08 11:58:35.976111','APP 定制开发',999,'app_dev',1),(9,'2020-06-08 12:01:15.722433','2020-06-21 23:04:45.333518','小程序定制开发',999,'weichat',1),(11,'2020-06-08 12:06:28.477483','2020-06-21 23:05:08.053829','SEO',999,'SEO',1),(13,'2020-06-08 12:07:34.486884','2020-06-21 23:15:16.902547','在线教育',999,'online-edu',1),(14,'2020-06-08 12:07:52.640364','2020-06-21 23:16:17.512953','智慧社区',999,'area_solution',1),(15,'2020-06-08 12:08:12.130339','2020-06-21 23:21:20.394201','网站 SAAS',999,'web-sass',1),(16,'2020-06-08 12:08:26.390517','2020-06-21 23:21:40.293894','APP-SAAS',999,'APP-SAAS',1),(17,'2020-06-19 13:49:10.898412','2020-06-19 13:49:10.898446','网站 SAAS 平台解决方案',999,'website_solution',2),(18,'2020-06-19 13:49:38.147693','2020-06-19 13:49:38.147731','区块链解决方案',999,'blockchain_solution',2),(19,'2020-06-19 13:50:35.959040','2020-06-19 13:50:35.959086','在线教育解决方案',999,'online_solution',2),(20,'2020-06-19 13:51:20.414793','2020-06-19 13:51:20.414828','股票配资解决方案',999,'stock_solution',2),(21,'2020-06-19 13:52:08.657719','2020-06-19 13:52:08.657755','云端可干扰的秘密共享解决方案',999,'cload_key_solution',2),(22,'2020-06-19 13:53:31.562512','2020-06-19 13:53:31.562548','智慧社区解决方案',999,'area_solution',2),(23,'2020-06-19 13:53:56.037703','2020-06-19 13:53:56.037740','APP  快速定制解决方案',999,'app_solution',2),(24,'2020-06-19 14:01:54.877319','2020-06-19 14:01:54.877365','SEO 快速排名优化解决方案',999,'seo_solution',2);
/*!40000 ALTER TABLE `zhifishes_category` ENABLE KEYS */;
UNLOCK TABLES;

--
-- Table structure for table `zhifishes_companyintro`
--

DROP TABLE IF EXISTS `zhifishes_companyintro`;
/*!40101 SET @saved_cs_client     = @@character_set_client */;
/*!40101 SET character_set_client = utf8 */;
CREATE TABLE `zhifishes_companyintro` (
  `id` int(11) NOT NULL AUTO_INCREMENT,
  `created_at` datetime(6) NOT NULL,
  `updated_at` datetime(6) NOT NULL,
  `name` varchar(70) NOT NULL,
  `detail` longtext NOT NULL,
  `is_del` varchar(16) NOT NULL,
  PRIMARY KEY (`id`),
  KEY `zhifishes_companyintro_created_at_162f7ffd` (`created_at`),
  KEY `zhifishes_companyintro_updated_at_8a562a88` (`updated_at`)
) ENGINE=InnoDB AUTO_INCREMENT=2 DEFAULT CHARSET=utf8;
/*!40101 SET character_set_client = @saved_cs_client */;

--
-- Dumping data for table `zhifishes_companyintro`
--

LOCK TABLES `zhifishes_companyintro` WRITE;
/*!40000 ALTER TABLE `zhifishes_companyintro` DISABLE KEYS */;
INSERT INTO `zhifishes_companyintro` VALUES (1,'2020-06-08 07:08:56.209916','2020-06-08 12:09:48.478729','知鱼（天津）网络科技有限公司','<p style=\"margin-top: 0px; margin-bottom: 0px; padding: 0px; height: 50px; color: rgb(102, 102, 102);\"><strong style=\"margin: 0px; padding: 0px;\">知鱼（天津）网络科技有限公司</strong>是一家专业致力于企业信息化全方面应用服务的网络公司，为了积极推动中国企业信息化和电子商务的全面发展， 企业始终坚持“因为专注，所以专业；因为透明，所以诚信”的企业 方针。是一家专业为国内、外企业提供全面的基于互联网商务解决方 案应用的专业信息技术服务商，专注于互联网品牌策划、网站建设、 软件开发、手机客户端开发、网络营销等，采用整合的营销手段将企业客户的形象或产品服务推向市场。同时，并连还致力于为客户提 供专业、量身定制的企业管理软件应用解决方案，为客户提供真正有 价值的信息化服务及产品，让客户在全球经济体系的竞争中处于不败 之地。公司自2015年成立以来，在广大并连人对事业执着的不断追求 以及广大新老客户的信任与支持，并连科技得到了快速、稳定、健康 的发展。</p><ul style=\"padding: 0px;\" class=\" list-paddingleft-2\"><li><p><br/></p></li></ul><p><br/></p>','NO');
/*!40000 ALTER TABLE `zhifishes_companyintro` ENABLE KEYS */;
UNLOCK TABLES;

--
-- Table structure for table `zhifishes_contactus`
--

DROP TABLE IF EXISTS `zhifishes_contactus`;
/*!40101 SET @saved_cs_client     = @@character_set_client */;
/*!40101 SET character_set_client = utf8 */;
CREATE TABLE `zhifishes_contactus` (
  `id` int(11) NOT NULL AUTO_INCREMENT,
  `created_at` datetime(6) NOT NULL,
  `updated_at` datetime(6) NOT NULL,
  `email` varchar(70) NOT NULL,
  `img` varchar(100) DEFAULT NULL,
  `phone` varchar(70) NOT NULL,
  `qq` varchar(70) NOT NULL,
  `is_del` varchar(16) NOT NULL,
  PRIMARY KEY (`id`),
  KEY `zhifishes_contactus_created_at_1a5ac7a6` (`created_at`),
  KEY `zhifishes_contactus_updated_at_783bc7b5` (`updated_at`)
) ENGINE=InnoDB AUTO_INCREMENT=2 DEFAULT CHARSET=utf8;
/*!40101 SET character_set_client = @saved_cs_client */;

--
-- Dumping data for table `zhifishes_contactus`
--

LOCK TABLES `zhifishes_contactus` WRITE;
/*!40000 ALTER TABLE `zhifishes_contactus` DISABLE KEYS */;
INSERT INTO `zhifishes_contactus` VALUES (1,'2020-06-08 06:59:47.112792','2020-08-17 02:19:19.122212','guoshijiang2012@163.com','weima_img/2020/06/08/11222.png','13261886450','1294928442','NO');
/*!40000 ALTER TABLE `zhifishes_contactus` ENABLE KEYS */;
UNLOCK TABLES;

--
-- Table structure for table `zhifishes_costomer`
--

DROP TABLE IF EXISTS `zhifishes_costomer`;
/*!40101 SET @saved_cs_client     = @@character_set_client */;
/*!40101 SET character_set_client = utf8 */;
CREATE TABLE `zhifishes_costomer` (
  `id` int(11) NOT NULL AUTO_INCREMENT,
  `created_at` datetime(6) NOT NULL,
  `updated_at` datetime(6) NOT NULL,
  `name` varchar(70) NOT NULL,
  `logo` varchar(100) DEFAULT NULL,
  `excerpt` longtext NOT NULL,
  `is_del` varchar(16) NOT NULL,
  PRIMARY KEY (`id`),
  KEY `zhifishes_costomer_created_at_bd92c487` (`created_at`),
  KEY `zhifishes_costomer_updated_at_c4c4710b` (`updated_at`)
) ENGINE=InnoDB AUTO_INCREMENT=11 DEFAULT CHARSET=utf8;
/*!40101 SET character_set_client = @saved_cs_client */;

--
-- Dumping data for table `zhifishes_costomer`
--

LOCK TABLES `zhifishes_costomer` WRITE;
/*!40000 ALTER TABLE `zhifishes_costomer` DISABLE KEYS */;
INSERT INTO `zhifishes_costomer` VALUES (2,'2020-06-21 13:46:25.341043','2020-06-22 02:57:58.010991','天津特氟龙','cos_logo/2020/06/22/logo6.jpg','特氟龙（天津）防腐科技有限公司','NO'),(3,'2020-06-21 13:48:23.213698','2020-06-23 12:23:21.628069','39车源网','cos_logo/2020/06/23/39.jpg','39车源网是一家集新车买卖，二手车买卖，抵押车买卖，二手车抵押车估价，汽车新闻资讯，汽车交流社区的汽车售卖交流平台。','NO'),(4,'2020-06-21 13:48:58.792287','2020-06-22 03:13:31.864587','国邦科技','cos_logo/2020/06/22/logo5.jpg','天津国邦科技有限公司','NO'),(5,'2020-06-21 13:53:23.237167','2020-06-22 03:13:41.933149','我问学院','cos_logo/2020/06/22/logo2.jpg','我问学院，一个专注软硬件开发，测试和运维平台技术的在线教育平台。','NO'),(6,'2020-06-21 23:46:39.730763','2020-06-22 03:18:46.193186','西安布丁猫舍','cos_logo/2020/06/22/logo4_6cbf4OZ.jpg','DollDingDang西安布偶猫舍是西安早期成立的正规猫舍，注册于CFA&TICA，致力于成为亚洲一线布偶猫舍，让更多普通家庭能够拥有好而不贵的品质宠物和服务是我们的理念','NO'),(7,'2020-06-22 01:07:26.827655','2020-06-22 03:14:03.182378','搜米域名','cos_logo/2020/06/22/logo1.jpg','搜米网旨在建立中国安全、高效、简单的域名交易体系，为用户提供最优质的服务。为广大的投资者建立便捷的展示、投资、转让渠道；协助企业用户寻找心仪合适的域名，为企业建立更高的起点、发展保护品牌更完善。','NO'),(8,'2020-06-22 01:08:43.566691','2020-06-22 03:14:10.736157','知鱼财经','cos_logo/2020/06/22/logo3.jpg','知鱼财经于2018年成立，是一个区块链媒体服务平台，目前每日访问量大约在 5000 人左右，知鱼财经的目标是做成国内一流的区块链媒体服务平台。','NO'),(9,'2020-06-22 01:11:00.066435','2020-06-23 12:20:20.542466','biwork','cos_logo/2020/06/23/biwork.jpg','Biwork是国内第一款专注于企业协作的数字钱包；产品BIWORK是企业协作数字钱包，功能覆盖数字货币存储、角色管理、流程管理、审批操作、批量转账、记账报表，让企业数字货币流程更安全，更便捷。','NO'),(10,'2020-06-22 01:11:33.834449','2020-06-22 03:14:21.949503','国邦电商','cos_logo/2020/06/22/logo5_BGI2uGq.jpg','国邦电商隶属于天津国邦科技，是一家以贵州特产销售为主的电商平台','NO');
/*!40000 ALTER TABLE `zhifishes_costomer` ENABLE KEYS */;
UNLOCK TABLES;

--
-- Table structure for table `zhifishes_devhis`
--

DROP TABLE IF EXISTS `zhifishes_devhis`;
/*!40101 SET @saved_cs_client     = @@character_set_client */;
/*!40101 SET character_set_client = utf8 */;
CREATE TABLE `zhifishes_devhis` (
  `id` int(11) NOT NULL AUTO_INCREMENT,
  `created_at` datetime(6) NOT NULL,
  `updated_at` datetime(6) NOT NULL,
  `period` varchar(70) NOT NULL,
  `detail` longtext NOT NULL,
  `is_del` varchar(16) NOT NULL,
  PRIMARY KEY (`id`),
  KEY `zhifishes_devhis_created_at_77e82ca7` (`created_at`),
  KEY `zhifishes_devhis_updated_at_3fda8562` (`updated_at`)
) ENGINE=InnoDB AUTO_INCREMENT=6 DEFAULT CHARSET=utf8;
/*!40101 SET character_set_client = @saved_cs_client */;

--
-- Dumping data for table `zhifishes_devhis`
--

LOCK TABLES `zhifishes_devhis` WRITE;
/*!40000 ALTER TABLE `zhifishes_devhis` DISABLE KEYS */;
INSERT INTO `zhifishes_devhis` VALUES (1,'2020-06-08 07:09:53.780558','2020-06-26 12:49:33.666461','2016','在北京成立问我技术团队，主要为社区技术人员提供服务与技术资讯','NO'),(2,'2020-06-08 12:11:59.373368','2020-06-26 12:49:46.019034','2017','为 20 多家企业提供网站，APP ，小程序定制开发，代表产品有家政服务超市，西南家政，巡宇官网','NO'),(3,'2020-06-08 12:12:19.759102','2020-06-26 12:36:10.274164','2018','成立天津木姜子科技有限公司，合作客户达到 30 多家，期间代表产品问我学院，知鱼财经，biwork','NO'),(4,'2020-06-08 12:12:39.543103','2020-06-26 12:50:38.499025','2019','和知鱼财经，知鱼旅游，问我学院达成战略合作，并为 40 多家客户提供技术服务，代表产品知鱼行','NO'),(5,'2020-06-08 12:12:55.093182','2020-06-26 12:49:18.863853','2020','拥有 50 多个成型的产品，合作客户 50 多家，和特氟龙，国邦科技达成战略合作，成立了贵州分公司','NO');
/*!40000 ALTER TABLE `zhifishes_devhis` ENABLE KEYS */;
UNLOCK TABLES;

--
-- Table structure for table `zhifishes_link`
--

DROP TABLE IF EXISTS `zhifishes_link`;
/*!40101 SET @saved_cs_client     = @@character_set_client */;
/*!40101 SET character_set_client = utf8 */;
CREATE TABLE `zhifishes_link` (
  `id` int(11) NOT NULL AUTO_INCREMENT,
  `created_at` datetime(6) NOT NULL,
  `updated_at` datetime(6) NOT NULL,
  `name` varchar(20) NOT NULL,
  `logo` varchar(100) DEFAULT NULL,
  `linkurl` varchar(100) NOT NULL,
  PRIMARY KEY (`id`),
  KEY `zhifishes_link_created_at_63ff60d9` (`created_at`),
  KEY `zhifishes_link_updated_at_4b4b2c15` (`updated_at`)
) ENGINE=InnoDB DEFAULT CHARSET=utf8;
/*!40101 SET character_set_client = @saved_cs_client */;

--
-- Dumping data for table `zhifishes_link`
--

LOCK TABLES `zhifishes_link` WRITE;
/*!40000 ALTER TABLE `zhifishes_link` DISABLE KEYS */;
/*!40000 ALTER TABLE `zhifishes_link` ENABLE KEYS */;
UNLOCK TABLES;

--
-- Table structure for table `zhifishes_navcat`
--

DROP TABLE IF EXISTS `zhifishes_navcat`;
/*!40101 SET @saved_cs_client     = @@character_set_client */;
/*!40101 SET character_set_client = utf8 */;
CREATE TABLE `zhifishes_navcat` (
  `id` int(11) NOT NULL AUTO_INCREMENT,
  `created_at` datetime(6) NOT NULL,
  `updated_at` datetime(6) NOT NULL,
  `name` varchar(20) NOT NULL,
  `nav_mark` varchar(20) NOT NULL,
  PRIMARY KEY (`id`),
  KEY `zhifishes_navcat_created_at_7b8cfe47` (`created_at`),
  KEY `zhifishes_navcat_updated_at_5767e0cb` (`updated_at`)
) ENGINE=InnoDB AUTO_INCREMENT=6 DEFAULT CHARSET=utf8;
/*!40101 SET character_set_client = @saved_cs_client */;

--
-- Dumping data for table `zhifishes_navcat`
--

LOCK TABLES `zhifishes_navcat` WRITE;
/*!40000 ALTER TABLE `zhifishes_navcat` DISABLE KEYS */;
INSERT INTO `zhifishes_navcat` VALUES (1,'2020-06-08 11:54:06.933169','2020-06-08 11:54:06.933203','产品服务','product_service'),(2,'2020-06-08 11:54:20.984523','2020-06-08 11:54:20.984558','解决方案','solution'),(3,'2020-06-08 11:54:50.463371','2020-06-08 11:54:50.463404','成功案例','success_case'),(4,'2020-06-08 11:55:29.548413','2020-06-08 11:55:29.548447','新闻资讯','news'),(5,'2020-06-08 11:55:48.729039','2020-06-08 11:55:48.729077','关于我们','about_us');
/*!40000 ALTER TABLE `zhifishes_navcat` ENABLE KEYS */;
UNLOCK TABLES;

--
-- Table structure for table `zhifishes_news`
--

DROP TABLE IF EXISTS `zhifishes_news`;
/*!40101 SET @saved_cs_client     = @@character_set_client */;
/*!40101 SET character_set_client = utf8 */;
CREATE TABLE `zhifishes_news` (
  `id` int(11) NOT NULL AUTO_INCREMENT,
  `created_at` datetime(6) NOT NULL,
  `updated_at` datetime(6) NOT NULL,
  `title` varchar(70) NOT NULL,
  `excerpt` longtext NOT NULL,
  `img` varchar(100) DEFAULT NULL,
  `body` longtext NOT NULL,
  `views` int(10) unsigned NOT NULL,
  `author` varchar(70) NOT NULL,
  `is_del` varchar(16) NOT NULL,
  `category_id` int(11) DEFAULT NULL,
  `icon` varchar(100) DEFAULT NULL,
  PRIMARY KEY (`id`),
  KEY `zhifishes_news_category_id_385c89a9_fk_zhifishes_category_id` (`category_id`),
  KEY `zhifishes_news_created_at_1f5c6cc4` (`created_at`),
  KEY `zhifishes_news_updated_at_3710b47e` (`updated_at`),
  CONSTRAINT `zhifishes_news_category_id_385c89a9_fk_zhifishes_category_id` FOREIGN KEY (`category_id`) REFERENCES `zhifishes_category` (`id`)
) ENGINE=InnoDB AUTO_INCREMENT=6 DEFAULT CHARSET=utf8;
/*!40101 SET character_set_client = @saved_cs_client */;

--
-- Dumping data for table `zhifishes_news`
--

LOCK TABLES `zhifishes_news` WRITE;
/*!40000 ALTER TABLE `zhifishes_news` DISABLE KEYS */;
INSERT INTO `zhifishes_news` VALUES (1,'2020-06-08 13:12:11.509094','2021-12-22 23:00:31.221044','由知鱼定制开发的特氟龙（天津）防腐科技官网上线','6月8日，由天津木姜子科技有限公司知鱼定制团队开发的特氟龙（天津）防腐科技官网正式上线，整个项目从开发到上线历时一个周。知鱼定制团队的开发效率获得了公司总经理郭世江的嘉奖','news_img/2020/06/24/屏幕快照_2020-06-24_下午9.30.21_gaitubao_1000x614.png','<p>6月8日，由天津木姜子科技有限公司知鱼定制团队开发的特氟龙（天津）防腐科技官网正式上线，整个项目从签合同之日算起，也就一个周的时间，而且整个项目的开发知鱼定制团队仅仅投入一名技术人员。知鱼定制团队的开发效率是公司其他团队学习的榜样。</p><p><br/></p><p>以下是项目部分截图：<br/></p><p><br/></p><p>产品中心</p><p><br/></p><p style=\"text-align: center;\"><img src=\"/media/img/屏幕快照 2020-06-24 下午9.31.11_gaitubao_999x620_20200624213448_139.png\" alt=\"屏幕快照 2020-06-24 下午9.31.11_gaitubao_999x620.png\" width=\"724\" height=\"412\" style=\"width: 724px; height: 412px;\"/></p><p><br/></p><p>网站首页：</p><p><br/></p><p style=\"text-align:center\"><img src=\"/media/img/屏幕快照 2020-06-24 下午9.30.21_gaitubao_1000x614_20200624213807_975.png\" alt=\"屏幕快照 2020-06-24 下午9.30.21_gaitubao_1000x614.png\" width=\"645\" height=\"427\" style=\"width: 645px; height: 427px;\"/></p><p>网站地址： <a href=\"http://www.tjteflong.com\" _src=\"http://www.tjteflong.com\">www.tjteflong.com</a> </p><p><br/></p><p>希望公司同仁向知鱼定制团队学习。</p><p><br/></p>',206,'知鱼定制','NO',1,''),(3,'2020-06-24 13:44:26.285270','2021-12-16 05:21:22.375266','知鱼定制团队与问我学院达成长期战略合作','知鱼定制团队与问我学院达成长期战略合作，合作点包括：知鱼定制团队为问我学院提供网络技术，大数据技术，人工智能技术服务，密码学技术服务。','news_img/2020/06/24/1.jpg','<p>知鱼定制团队与问我学院达成长期战略合作，合作点包括：知鱼定制团队为问我学院提供网络技术，大数据技术，人工智能技术服务，密码学技术服务。</p>',91,'知鱼定制','NO',1,'news_icon/2020/06/24/1.jpg'),(4,'2020-06-26 13:09:00.031859','2021-12-16 19:31:18.529945','公告：知鱼定制新版官网启用，旧版自今日起停止服务','公告：知鱼定制新版官网启用，旧版自今日起停止服务，旧版的新闻资讯，动态将不做数据迁移，欢迎广大知鱼定制的客户访问新版官网寻求技术帮助。','news_img/2020/06/26/12.jpeg','<p>即日起，知鱼定制新版官网启用，旧版停止服务，旧版的新闻资讯，动态将不做数据迁移，域名不变，还是 www.zhifish.cn, 欢迎广大知鱼定制的客户访问新版官网寻求技术帮助。我们将竭诚为您服务。</p><p><br/></p>',55,'知鱼定制','NO',1,'news_icon/2020/06/26/12.jpeg'),(5,'2021-05-16 05:04:44.986026','2021-12-22 11:16:24.017716','椭圆曲线科技有限公司知鱼定制团队网站产品详细介绍','基于公司自主研发的网站管理系统，构建复杂体系的企业信息门户或结构网站平台，公司拥有多年网站建设经验，为众多结构、企业公司提供网页设计、网站制作服务','news_img/2021/05/16/1.jpeg','<h2 style=\"margin: 0px; padding: 0px;\"><strong style=\"font-size: unset; line-height: 30px; margin-bottom: 30px;\">一.概述</strong></h2><p style=\"margin-top: 32px; margin-bottom: 32px; padding: 0px; line-height: 36px; overflow-wrap: break-word; word-break: normal; color: rgb(41, 41, 59); text-align: justify;\">基于公司自主研发的网站管理系统，构建复杂体系的企业信息门户或结构网站平台，公司拥有多年网站建设经验，为众多结构、企业公司提供网页设计、网站制作服务。专业的网页设计师为您量身订做属于自己行业特色美工页面，设计的网站将以用户的产品和服务为核心，在方便用户浏览的同时，也适合于各大搜索引擎的收录标准，让您的网站在众多同行网站中脱颖而出。</p><p style=\"margin-top: 32px; margin-bottom: 32px; padding: 0px; line-height: 36px; overflow-wrap: break-word; word-break: normal; color: rgb(41, 41, 59); text-align: justify;\"><img src=\"https://img.jinse.com/3659808_image3.png\" alt=\"hUzJyjf58miFh8jqA5Aa4ryMcEKFrK9J46KPfWNU.png\" style=\"border: 1px solid rgb(238, 238, 238); vertical-align: top; max-width: 770px; margin: 0px auto; display: block;\"/></p><p style=\"margin-top: 32px; margin-bottom: 32px; padding: 0px; line-height: 36px; overflow-wrap: break-word; word-break: normal; color: rgb(41, 41, 59); text-align: justify;\"><strong style=\"font-size: unset; line-height: 30px; margin-bottom: 30px;\">二.产品类型</strong></p><p style=\"margin-top: 32px; margin-bottom: 32px; padding: 0px; line-height: 36px; overflow-wrap: break-word; word-break: normal; color: rgb(41, 41, 59); text-align: justify;\">公司目前网站产品分为三大类型：</p><p style=\"margin-top: 32px; margin-bottom: 32px; padding: 0px; line-height: 36px; overflow-wrap: break-word; word-break: normal; color: rgb(41, 41, 59); text-align: justify;\"><strong style=\"font-size: unset; line-height: 30px; margin-bottom: 30px;\">定制开发类型</strong>：专业的技术团队，UI 设计师，专职项目经理和现场实施工程师，从域名备案，产品开发，产品投入使用到产品维护，全方位为您服务，从用户的角度出发，遵循客户的要求设计开发网站，产品开发完成之后，专门现场实施人员手把手教您使用网站后台，并配合您修改网站上不符合要求的地方。</p><p style=\"margin-top: 32px; margin-bottom: 32px; padding: 0px; line-height: 36px; overflow-wrap: break-word; word-break: normal; color: rgb(41, 41, 59); text-align: justify;\"><strong style=\"font-size: unset; line-height: 30px; margin-bottom: 30px;\">模板建站</strong>：10 余个精美模板任您选择，30 分钟上线网站不是问题。</p><p style=\"margin-top: 32px; margin-bottom: 32px; padding: 0px; line-height: 36px; overflow-wrap: break-word; word-break: normal; color: rgb(41, 41, 59); text-align: justify;\"><strong style=\"font-size: unset; line-height: 30px; margin-bottom: 30px;\">SAAS 建站</strong>：拖拽式建设网站，您可以设计自己网站，随时可以上线。</p><p style=\"margin-top: 32px; margin-bottom: 32px; padding: 0px; line-height: 36px; overflow-wrap: break-word; word-break: normal; color: rgb(41, 41, 59); text-align: justify;\"><strong style=\"font-size: unset; line-height: 30px; margin-bottom: 30px;\">三.产品功能</strong></p><p style=\"margin-top: 32px; margin-bottom: 32px; padding: 0px; line-height: 36px; overflow-wrap: break-word; word-break: normal; color: rgb(41, 41, 59); text-align: justify;\"><strong style=\"font-size: unset; line-height: 30px; margin-bottom: 30px;\">信息发布系统</strong>：信息发布系统，是将网页上的某些需要经常变动的信息，类似新闻、新产品发布和业界动态等更新信息集中管理，并通过信息的某些共性进行分类，最后系统化、标准化发布到网站上的一种网站应用程序。</p><p style=\"margin-top: 32px; margin-bottom: 32px; padding: 0px; line-height: 36px; overflow-wrap: break-word; word-break: normal; color: rgb(41, 41, 59); text-align: justify;\"><strong style=\"font-size: unset; line-height: 30px; margin-bottom: 30px;\">产品发布系统</strong>：系统基于数据库，用于各类产品信息的实时发布，前台用户可通过页面浏览查询，后台可以管理产品信息、图片等多种信息，实现对网站信息的交互管理，方便、轻松的实现对网站信息的更新</p><p style=\"margin-top: 32px; margin-bottom: 32px; padding: 0px; line-height: 36px; overflow-wrap: break-word; word-break: normal; color: rgb(41, 41, 59); text-align: justify;\"><strong style=\"font-size: unset; line-height: 30px; margin-bottom: 30px;\">网上订购系统</strong>：它是企业通过网络实现网上产品营销环节的有力工具，它可以满足产品在网上的展示与内容管理、客户信息管理、产品订购销售管理等诸多需求。</p><p style=\"margin-top: 32px; margin-bottom: 32px; padding: 0px; line-height: 36px; overflow-wrap: break-word; word-break: normal; color: rgb(41, 41, 59); text-align: justify;\"><strong style=\"font-size: unset; line-height: 30px; margin-bottom: 30px;\">网上商城系统</strong>：核心内容是各家供应商在商城里开出自己独立的专卖店,而商城提供一个完整的查询、订购、结算、配送、售后服务的运作环境，从而帮助 各商城做好网络营销业务。</p><p style=\"margin-top: 32px; margin-bottom: 32px; padding: 0px; line-height: 36px; overflow-wrap: break-word; word-break: normal; color: rgb(41, 41, 59); text-align: justify;\"><strong style=\"font-size: unset; line-height: 30px; margin-bottom: 30px;\">商务公告系统</strong>：首页弹出窗口大大提高了信息的浏览量和信息推广宣传的效果，已经被各大门户网站和企业网站广泛的应用。当时目前弹出窗口的设计和制作仍需要专业公司、专业人员和相应的专业软件。</p><p style=\"margin-top: 32px; margin-bottom: 32px; padding: 0px; line-height: 36px; overflow-wrap: break-word; word-break: normal; color: rgb(41, 41, 59); text-align: justify;\"><strong style=\"font-size: unset; line-height: 30px; margin-bottom: 30px;\">新闻管理系统</strong>：通过网络数据库的引用，将网站的更新维护工作简化到只需录入文字和上传图片，从而使网站的更新速度大大缩短，对编辑人员的技术要求也大大地降底，时时保持网站的活动力和影响力。</p><p style=\"margin-top: 32px; margin-bottom: 32px; padding: 0px; line-height: 36px; overflow-wrap: break-word; word-break: normal; color: rgb(41, 41, 59); text-align: justify;\"><strong style=\"font-size: unset; line-height: 30px; margin-bottom: 30px;\">商情发布系统</strong>：商情发布系统是通过对大型行业网站应用和大量企业商务门户网站应用基础上设计和开发的一套系统，不仅注重商情简单的发布和查看，更注重贸易机会的查看和双向沟通交流，从而真正实现贸易撮合。</p><p style=\"margin-top: 32px; margin-bottom: 32px; padding: 0px; line-height: 36px; overflow-wrap: break-word; word-break: normal; color: rgb(41, 41, 59); text-align: justify;\"><strong style=\"font-size: unset; line-height: 30px; margin-bottom: 30px;\">人事管理系统</strong>：人事政策可以后台管理以及改动。人事部相关负责人可对本数据库进行后台增、删、改维护。</p><p style=\"margin-top: 32px; margin-bottom: 32px; padding: 0px; line-height: 36px; overflow-wrap: break-word; word-break: normal; color: rgb(41, 41, 59); text-align: justify;\"><strong style=\"font-size: unset; line-height: 30px; margin-bottom: 30px;\">网上调查系统</strong>：显示客户反馈信息和管理员的回复信息，记录客户的名称，邮件，主页。</p><p style=\"margin-top: 32px; margin-bottom: 32px; padding: 0px; line-height: 36px; overflow-wrap: break-word; word-break: normal; color: rgb(41, 41, 59); text-align: justify;\"><strong style=\"font-size: unset; line-height: 30px; margin-bottom: 30px;\">电子论坛系统</strong>：论坛可以向网友提供开放性的分类专题讨论区服务，网友们可以在此发表自己的某些观感、交流某 些技术、亦可以做为用户与商家交流的渠道，商家亦可在此回答用户提出的问题或发布某些消息。</p><p style=\"margin-top: 32px; margin-bottom: 32px; padding: 0px; line-height: 36px; overflow-wrap: break-word; word-break: normal; color: rgb(41, 41, 59); text-align: justify;\"><img src=\"https://img.jinse.com/3659819_image3.png\" alt=\"8lrEdbvBw9DFF6wMDO5NVpEXg84gctpdIUbKdSfB.png\" style=\"border: 1px solid rgb(238, 238, 238); vertical-align: top; max-width: 770px; margin: 0px auto; display: block;\"/></p><p style=\"margin-top: 32px; margin-bottom: 32px; padding: 0px; line-height: 36px; overflow-wrap: break-word; word-break: normal; color: rgb(41, 41, 59); text-align: justify;\"><strong style=\"font-size: unset; line-height: 30px; margin-bottom: 30px;\">三.联系我们</strong></p><p style=\"margin-top: 32px; margin-bottom: 32px; padding: 0px; line-height: 36px; overflow-wrap: break-word; word-break: normal; color: rgb(41, 41, 59); text-align: justify;\">知鱼定制官网：www.zhifish.cn</p><p style=\"margin-top: 32px; margin-bottom: 32px; padding: 0px; line-height: 36px; overflow-wrap: break-word; word-break: normal; color: rgb(41, 41, 59); text-align: justify;\">联系人：郭经理</p><p style=\"margin-top: 32px; margin-bottom: 32px; padding: 0px; line-height: 36px; overflow-wrap: break-word; word-break: normal; color: rgb(41, 41, 59); text-align: justify;\">电话：18210042149&nbsp;&nbsp;微信同电话号</p><p style=\"margin-top: 32px; margin-bottom: 32px; padding: 0px; line-height: 36px; overflow-wrap: break-word; word-break: normal; color: rgb(41, 41, 59); text-align: justify;\">邮箱：20123762@s.hlju.edu.cn</p><p><br/></p>',93,'知鱼定制','NO',1,'news_icon/2021/05/16/1.jpeg');
/*!40000 ALTER TABLE `zhifishes_news` ENABLE KEYS */;
UNLOCK TABLES;

--
-- Table structure for table `zhifishes_onlinemsg`
--

DROP TABLE IF EXISTS `zhifishes_onlinemsg`;
/*!40101 SET @saved_cs_client     = @@character_set_client */;
/*!40101 SET character_set_client = utf8 */;
CREATE TABLE `zhifishes_onlinemsg` (
  `id` int(11) NOT NULL AUTO_INCREMENT,
  `created_at` datetime(6) NOT NULL,
  `updated_at` datetime(6) NOT NULL,
  `name` varchar(70) NOT NULL,
  `phone` varchar(70) NOT NULL,
  `email` varchar(70) NOT NULL,
  `content` longtext NOT NULL,
  `is_handle` varchar(16) NOT NULL,
  `is_del` varchar(16) NOT NULL,
  PRIMARY KEY (`id`),
  KEY `zhifishes_onlinemsg_created_at_b8bc5534` (`created_at`),
  KEY `zhifishes_onlinemsg_updated_at_20a6dd8c` (`updated_at`)
) ENGINE=InnoDB AUTO_INCREMENT=3 DEFAULT CHARSET=utf8;
/*!40101 SET character_set_client = @saved_cs_client */;

--
-- Dumping data for table `zhifishes_onlinemsg`
--

LOCK TABLES `zhifishes_onlinemsg` WRITE;
/*!40000 ALTER TABLE `zhifishes_onlinemsg` DISABLE KEYS */;
INSERT INTO `zhifishes_onlinemsg` VALUES (1,'2021-08-12 05:27:23.993265','2021-08-12 05:27:23.993325','张军','17188889552','sales@dpzd.com','https://github.com/xxixyw351/www/blob/master/README.md#1\r\n 这个网站你们先看看,有重要的事和你们交流.\r\n\r\n \r\n短网址\r\n\r\ntiny.re/zzzzz                                ','NO','NO'),(2,'2021-09-17 11:44:30.704035','2021-09-17 11:44:30.704079','电子产品','13611267041','guoshijiang2012@163.com','11','NO','NO');
/*!40000 ALTER TABLE `zhifishes_onlinemsg` ENABLE KEYS */;
UNLOCK TABLES;

--
-- Table structure for table `zhifishes_product`
--

DROP TABLE IF EXISTS `zhifishes_product`;
/*!40101 SET @saved_cs_client     = @@character_set_client */;
/*!40101 SET character_set_client = utf8 */;
CREATE TABLE `zhifishes_product` (
  `id` int(11) NOT NULL AUTO_INCREMENT,
  `created_at` datetime(6) NOT NULL,
  `updated_at` datetime(6) NOT NULL,
  `name` varchar(70) NOT NULL,
  `excerpt` longtext NOT NULL,
  `img` varchar(100) DEFAULT NULL,
  `views` int(10) unsigned NOT NULL,
  `detail` longtext NOT NULL,
  `is_del` varchar(16) NOT NULL,
  `category_id` int(11) DEFAULT NULL,
  `icon` varchar(100) DEFAULT NULL,
  PRIMARY KEY (`id`),
  KEY `zhifishes_product_category_id_2ff9ca4d_fk_zhifishes_category_id` (`category_id`),
  KEY `zhifishes_product_created_at_a9d0454e` (`created_at`),
  KEY `zhifishes_product_updated_at_58c11e00` (`updated_at`),
  CONSTRAINT `zhifishes_product_category_id_2ff9ca4d_fk_zhifishes_category_id` FOREIGN KEY (`category_id`) REFERENCES `zhifishes_category` (`id`)
) ENGINE=InnoDB AUTO_INCREMENT=16 DEFAULT CHARSET=utf8;
/*!40101 SET character_set_client = @saved_cs_client */;

--
-- Dumping data for table `zhifishes_product`
--

LOCK TABLES `zhifishes_product` WRITE;
/*!40000 ALTER TABLE `zhifishes_product` DISABLE KEYS */;
INSERT INTO `zhifishes_product` VALUES (1,'2020-06-08 12:25:24.631616','2020-06-23 12:25:13.521452','机构网站建设','基于公司自主研发的网站管理系统，构建复杂体系的企业信息门户或结构网站平台，公司拥有多年网站建设经验，为众结构、企业公司提供网页设计、网站制作服务。专业的网页设计师为您量身订做属于自己行业特色美工页面，设计的网站将以用户的产品和服务为核心，在方便用户浏览的同时，也适合于各大搜索引擎的收录标准，让您的网站在众多同行网站中脱颖而出。','product_img/2020/06/08/product_pic1.png',0,'<p>基于公司自主研发的网站管理系统，构建复杂体系的企业信息门户或结构网站平台，公司拥有多年网站建设经验，为众结构、企业公司提供网页设计、网站制作服务。专业的网页设计师为您量身订做属于自己行业特色美工页面，设计的网站将以用户的产品和服务为核心，在方便用户浏览的同时，也适合于各大搜索引擎的收录标准，让您的网站在众多同行网站中脱颖而出。</p>','NO',3,'product_icon/2020/06/19/wzjs.7d980f89.png'),(2,'2020-06-21 04:38:18.218955','2020-06-23 13:19:47.299473','APP 定制开发','基于公司目前成熟得产品体系，快速得设计和开发APP ，开发周期短，上线快，对于着急上线项目的朋友来说，我们是您最好的选择， 各类行业APP应用定制。WEB，安卓、苹果三种客户端。前端开发效率高，后期维护低成本。 类型：家政类，电商类、视频类、自媒体类、旅游类、物联网类、O2O快递，车辆售卖类，社交类。','product_img/2020/06/21/product_pic12x3.2eb798af.png',0,'<p style=\"box-sizing: border-box; list-style: none; margin-top: 0px; margin-bottom: 0px; padding: 0px; text-align: justify; font-size: 12px; font-family: PingFangSC-Regular, &quot;PingFang SC&quot;; color: rgb(106, 113, 125); line-height: 17px;\">基于公司目前成熟得产品体系，快速得设计和开发APP 和小程序，开发周期短，上线快，对于着急上线项目的朋友来说，我们是您最好的选择， 各类行业APP应用定制。WEB，安卓、苹果三种客户端。前端开发效率高，后期维护低成本。 类型：电商类、商城类、视频类、自媒体类、旅游类、物联网类、O2O快递。</p><ul class=\"m-flex s-product-main-ul list-paddingleft-2\" style=\"list-style-type: none;\"><li><p><br/></p></li><li><p><br/></p></li></ul><p><br/></p>','NO',4,'product_icon/2020/06/21/app.65e403d4_1.png'),(10,'2020-06-21 23:03:25.383281','2020-06-23 13:19:54.524437','小程序定制开发','使用更低的开发成本，打造媲美传统APP的用户体验。庞大的微信用户群体，让推广变得不再困难。即开即用，用完就走，无须下载与安装操作。将用户与他人、服务、商品、物品高效的连接起来。','product_img/2020/06/22/product_pic22x3.b366bfc3.png',0,'','NO',9,'product_icon/2020/06/22/index_icon82x.c5594d23.png'),(11,'2020-06-21 23:08:47.961222','2020-06-23 13:20:08.547377','SEO 快速排名','专注网站优化、快速排名、单词优化、负面信息处理；公司专注算法研究，十年磨一剑，我们负责为企业带来更多流量，为企业带来更多效益，对网站进行针对性的优化，提高网站在搜索引擎中的自然排名，吸引更多的用户访问网站，提高网站的访问量，提高网站的销售能力和宣传能力','product_img/2020/06/22/product_pic22x1.85022c8e.png',0,'<p>专注网站优化、快速排名、单词优化、负面信息处理；公司专注算法研究，十年磨一剑，我们负责为企业带来更多流量，为企业带来更多效益，对网站进行针对性的优化，提高网站在搜索引擎中的自然排名，吸引更多的用户访问网站，提高网站的访问量，提高网站的销售能力和宣传能力</p><p><br/></p>','NO',11,'product_icon/2020/06/22/index_icon72x.db9b4796.png'),(12,'2020-06-21 23:14:37.814845','2020-06-23 13:20:19.689766','在线教育','支持视频课、文档课、直播课等多种形式，还能打造标准化的教学产品，使课程快速地进行标准化输出,模块化设计，包含图书馆，作业专区，云课程，学生学习跟踪，作业专区，考试专区等，使用大数据和人工智能根据学生预测作业情况和考试情况预测其中高考分数','product_img/2020/06/22/product_pic22x3.b366bfc3_QtVyN7G.png',0,'<p>支持视频课、文档课、直播课等多种形式，还能打造标准化的教学产品，使课程快速地进行标准化输出,模块化设计，包含图书馆，作业专区，云课程，学生学习跟踪，作业专区，考试专区等，使用大数据和人工智能根据学生预测作业情况和考试情况预测其中高考分数</p><p><br/></p>','NO',13,'product_icon/2020/06/22/index_icon52x.33455ba7.png'),(13,'2020-06-21 23:17:15.336835','2020-06-23 13:20:27.236800','智慧社区','智慧社区信息化应用平台，意于打造\"资源数字化、应用网络化、流程规范化\"的智慧化社区管理和服务体系。智慧社区平台的建设是加强和创新社会管理，推动行政管理体制改革、促进服务型政府建设的有力推手。紧密配合各社区服务中心关于创新社区建设的工作需求，不断完善和改进现有的信息化系统，按照相关文件要求，真正打造\"市民幸福快车\"便民利民的智慧社区信息化服务体系，为创建和谐智慧社区而共同努力。','product_img/2020/06/22/product_pic22.fc3c6fba.png',0,'<p>智慧社区信息化应用平台，意于打造&quot;资源数字化、应用网络化、流程规范化&quot;的智慧化社区管理和服务体系。智慧社区平台的建设是加强和创新社会管理，推动行政管理体制改革、促进服务型政府建设的有力推手。紧密配合各社区服务中心关于创新社区建设的工作需求，不断完善和改进现有的信息化系统，按照相关文件要求，真正打造&quot;市民幸福快车&quot;便民利民的智慧社区信息化服务体系，为创建和谐智慧社区而共同努力。</p><p><br/></p>','NO',14,'product_icon/2020/06/22/index_icon62x.fe96662f_Dk7e5fo.png'),(14,'2020-06-21 23:25:24.055338','2020-06-23 13:20:36.046084','网站 SAAS','SAAS模式下，用户可以根据自己的需求在 SAAS 平台上定制自己的网站，无需要技术人员的参与，半天即可开网站。方便，快捷，快速，可视化编辑；无需服务器，无需新买域名，无需备案就能搭建网站。','product_img/2020/06/22/product_pic12x1.cd06820b.png',0,'<p>用户可以根据自己的需求在 SAAS 平台上定制自己的网站，无需要技术人员的参与，半天即可开网站。</p>','NO',15,'product_icon/2020/06/22/index_icon10.png'),(15,'2020-06-21 23:26:16.906028','2020-06-23 13:20:44.284131','APP  SAAS','APP  SAAS，一键搭建自己的 APP 系统，丰富多彩的模板任你选择，我们专注 APP SAAS 已经 8 年了，定能满足您的需求。','product_img/2020/06/22/product_pic12x3.2eb798af.png',0,'<p>APP&nbsp; SAAS</p>','NO',16,'product_icon/2020/06/22/index_icon9.png');
/*!40000 ALTER TABLE `zhifishes_product` ENABLE KEYS */;
UNLOCK TABLES;

--
-- Table structure for table `zhifishes_product_product_adv`
--

DROP TABLE IF EXISTS `zhifishes_product_product_adv`;
/*!40101 SET @saved_cs_client     = @@character_set_client */;
/*!40101 SET character_set_client = utf8 */;
CREATE TABLE `zhifishes_product_product_adv` (
  `id` int(11) NOT NULL AUTO_INCREMENT,
  `product_id` int(11) NOT NULL,
  `productadvantage_id` int(11) NOT NULL,
  PRIMARY KEY (`id`),
  UNIQUE KEY `zhifishes_product_produc_product_id_productadvant_7ae964a1_uniq` (`product_id`,`productadvantage_id`),
  KEY `zhifishes_product_pr_productadvantage_id_07a129b4_fk_zhifishes` (`productadvantage_id`),
  CONSTRAINT `zhifishes_product_pr_product_id_eb651d2e_fk_zhifishes` FOREIGN KEY (`product_id`) REFERENCES `zhifishes_product` (`id`),
  CONSTRAINT `zhifishes_product_pr_productadvantage_id_07a129b4_fk_zhifishes` FOREIGN KEY (`productadvantage_id`) REFERENCES `zhifishes_productadvantage` (`id`)
) ENGINE=InnoDB AUTO_INCREMENT=58 DEFAULT CHARSET=utf8;
/*!40101 SET character_set_client = @saved_cs_client */;

--
-- Dumping data for table `zhifishes_product_product_adv`
--

LOCK TABLES `zhifishes_product_product_adv` WRITE;
/*!40000 ALTER TABLE `zhifishes_product_product_adv` DISABLE KEYS */;
INSERT INTO `zhifishes_product_product_adv` VALUES (10,1,5),(11,1,6),(12,1,7),(9,1,8),(14,2,5),(15,2,6),(16,2,7),(13,2,8),(17,2,9),(18,10,5),(19,10,6),(20,10,7),(21,10,8),(22,10,9),(23,10,10),(55,11,6),(56,11,7),(53,11,9),(54,11,12),(57,11,16),(24,12,5),(25,12,6),(26,12,7),(27,12,8),(28,12,9),(29,13,5),(30,13,6),(31,13,7),(32,13,8),(33,13,9),(35,14,6),(36,14,7),(37,14,8),(38,14,9),(43,14,11),(45,14,12),(46,14,13),(47,14,14),(48,14,15),(41,15,6),(42,15,7),(39,15,8),(40,15,9),(44,15,11),(49,15,12),(50,15,13),(51,15,14),(52,15,15);
/*!40000 ALTER TABLE `zhifishes_product_product_adv` ENABLE KEYS */;
UNLOCK TABLES;

--
-- Table structure for table `zhifishes_product_product_cos`
--

DROP TABLE IF EXISTS `zhifishes_product_product_cos`;
/*!40101 SET @saved_cs_client     = @@character_set_client */;
/*!40101 SET character_set_client = utf8 */;
CREATE TABLE `zhifishes_product_product_cos` (
  `id` int(11) NOT NULL AUTO_INCREMENT,
  `product_id` int(11) NOT NULL,
  `costomer_id` int(11) NOT NULL,
  PRIMARY KEY (`id`),
  UNIQUE KEY `zhifishes_product_produc_product_id_costomer_id_73299f8c_uniq` (`product_id`,`costomer_id`),
  KEY `zhifishes_product_pr_costomer_id_1f98e645_fk_zhifishes` (`costomer_id`),
  CONSTRAINT `zhifishes_product_pr_costomer_id_1f98e645_fk_zhifishes` FOREIGN KEY (`costomer_id`) REFERENCES `zhifishes_costomer` (`id`),
  CONSTRAINT `zhifishes_product_pr_product_id_e806b49c_fk_zhifishes` FOREIGN KEY (`product_id`) REFERENCES `zhifishes_product` (`id`)
) ENGINE=InnoDB AUTO_INCREMENT=17 DEFAULT CHARSET=utf8;
/*!40101 SET character_set_client = @saved_cs_client */;

--
-- Dumping data for table `zhifishes_product_product_cos`
--

LOCK TABLES `zhifishes_product_product_cos` WRITE;
/*!40000 ALTER TABLE `zhifishes_product_product_cos` DISABLE KEYS */;
INSERT INTO `zhifishes_product_product_cos` VALUES (3,1,2),(5,1,4),(7,1,6),(11,2,3),(12,2,9),(15,12,5),(14,14,7),(13,14,8),(16,15,10);
/*!40000 ALTER TABLE `zhifishes_product_product_cos` ENABLE KEYS */;
UNLOCK TABLES;

--
-- Table structure for table `zhifishes_product_product_doc`
--

DROP TABLE IF EXISTS `zhifishes_product_product_doc`;
/*!40101 SET @saved_cs_client     = @@character_set_client */;
/*!40101 SET character_set_client = utf8 */;
CREATE TABLE `zhifishes_product_product_doc` (
  `id` int(11) NOT NULL AUTO_INCREMENT,
  `product_id` int(11) NOT NULL,
  `productdocs_id` int(11) NOT NULL,
  PRIMARY KEY (`id`),
  UNIQUE KEY `zhifishes_product_produc_product_id_productdocs_i_1f5cae78_uniq` (`product_id`,`productdocs_id`),
  KEY `zhifishes_product_pr_productdocs_id_9acff376_fk_zhifishes` (`productdocs_id`),
  CONSTRAINT `zhifishes_product_pr_product_id_a16c1089_fk_zhifishes` FOREIGN KEY (`product_id`) REFERENCES `zhifishes_product` (`id`),
  CONSTRAINT `zhifishes_product_pr_productdocs_id_9acff376_fk_zhifishes` FOREIGN KEY (`productdocs_id`) REFERENCES `zhifishes_productdocs` (`id`)
) ENGINE=InnoDB AUTO_INCREMENT=31 DEFAULT CHARSET=utf8;
/*!40101 SET character_set_client = @saved_cs_client */;

--
-- Dumping data for table `zhifishes_product_product_doc`
--

LOCK TABLES `zhifishes_product_product_doc` WRITE;
/*!40000 ALTER TABLE `zhifishes_product_product_doc` DISABLE KEYS */;
INSERT INTO `zhifishes_product_product_doc` VALUES (7,1,4),(9,1,5),(8,1,6),(10,2,4),(11,2,5),(12,2,6),(13,10,4),(14,10,5),(15,10,6),(16,11,4),(17,11,5),(18,11,6),(19,12,4),(20,12,5),(21,12,6),(22,13,4),(23,13,5),(24,13,6),(25,14,4),(26,14,5),(27,14,6),(28,15,4),(29,15,5),(30,15,6);
/*!40000 ALTER TABLE `zhifishes_product_product_doc` ENABLE KEYS */;
UNLOCK TABLES;

--
-- Table structure for table `zhifishes_product_product_func`
--

DROP TABLE IF EXISTS `zhifishes_product_product_func`;
/*!40101 SET @saved_cs_client     = @@character_set_client */;
/*!40101 SET character_set_client = utf8 */;
CREATE TABLE `zhifishes_product_product_func` (
  `id` int(11) NOT NULL AUTO_INCREMENT,
  `product_id` int(11) NOT NULL,
  `productfunc_id` int(11) NOT NULL,
  PRIMARY KEY (`id`),
  UNIQUE KEY `zhifishes_product_produc_product_id_productfunc_i_8862c451_uniq` (`product_id`,`productfunc_id`),
  KEY `zhifishes_product_pr_productfunc_id_84efb9e5_fk_zhifishes` (`productfunc_id`),
  CONSTRAINT `zhifishes_product_pr_product_id_0d8b9a4b_fk_zhifishes` FOREIGN KEY (`product_id`) REFERENCES `zhifishes_product` (`id`),
  CONSTRAINT `zhifishes_product_pr_productfunc_id_84efb9e5_fk_zhifishes` FOREIGN KEY (`productfunc_id`) REFERENCES `zhifishes_productfunc` (`id`)
) ENGINE=InnoDB AUTO_INCREMENT=70 DEFAULT CHARSET=utf8;
/*!40101 SET character_set_client = @saved_cs_client */;

--
-- Dumping data for table `zhifishes_product_product_func`
--

LOCK TABLES `zhifishes_product_product_func` WRITE;
/*!40000 ALTER TABLE `zhifishes_product_product_func` DISABLE KEYS */;
INSERT INTO `zhifishes_product_product_func` VALUES (16,1,12),(18,1,13),(19,1,14),(20,1,15),(17,1,16),(21,1,17),(22,1,18),(23,1,19),(24,1,20),(25,1,21),(13,2,9),(14,2,10),(15,2,11),(26,2,22),(29,10,23),(27,10,24),(28,10,25),(30,10,26),(31,10,27),(32,10,28),(33,10,29),(34,10,30),(63,11,45),(64,11,46),(65,11,47),(67,11,49),(68,11,50),(69,11,51),(40,12,31),(35,12,32),(36,12,33),(37,12,34),(38,12,35),(39,12,36),(41,12,37),(42,13,38),(43,13,39),(44,13,40),(45,13,41),(46,13,42),(47,13,43),(48,13,44),(49,14,12),(50,14,13),(51,14,14),(52,14,15),(53,14,16),(54,14,17),(55,14,18),(56,14,19),(57,14,20),(58,14,21),(59,15,9),(60,15,10),(61,15,11),(62,15,22);
/*!40000 ALTER TABLE `zhifishes_product_product_func` ENABLE KEYS */;
UNLOCK TABLES;

--
-- Table structure for table `zhifishes_productadvantage`
--

DROP TABLE IF EXISTS `zhifishes_productadvantage`;
/*!40101 SET @saved_cs_client     = @@character_set_client */;
/*!40101 SET character_set_client = utf8 */;
CREATE TABLE `zhifishes_productadvantage` (
  `id` int(11) NOT NULL AUTO_INCREMENT,
  `created_at` datetime(6) NOT NULL,
  `updated_at` datetime(6) NOT NULL,
  `name` varchar(70) NOT NULL,
  `excerpt` longtext NOT NULL,
  `is_del` varchar(16) NOT NULL,
  PRIMARY KEY (`id`),
  KEY `zhifishes_productadvantage_created_at_de03c0b7` (`created_at`),
  KEY `zhifishes_productadvantage_updated_at_cc16af95` (`updated_at`)
) ENGINE=InnoDB AUTO_INCREMENT=17 DEFAULT CHARSET=utf8;
/*!40101 SET character_set_client = @saved_cs_client */;

--
-- Dumping data for table `zhifishes_productadvantage`
--

LOCK TABLES `zhifishes_productadvantage` WRITE;
/*!40000 ALTER TABLE `zhifishes_productadvantage` DISABLE KEYS */;
INSERT INTO `zhifishes_productadvantage` VALUES (5,'2020-06-22 00:47:25.765138','2020-06-22 00:47:25.765169','专属 UI 设计师','为每一个项目配置专职的 UI 设计师','NO'),(6,'2020-06-22 00:48:09.183710','2020-06-22 00:48:09.183745','专职项目经理','为每一个项目配置专职的项目经理，方便及时处理客户问题','NO'),(7,'2020-06-22 00:48:44.144077','2020-06-22 00:48:44.144109','7x24小时服务','只要您需要，我们随着在线服务','NO'),(8,'2020-06-22 00:49:30.388926','2020-06-22 00:49:30.388967','运营配置全面','域名/logo/文案备齐，随时上线；自定义交易所皮肤/广告运营位、公告/文章发布、手机端自动适配','NO'),(9,'2020-06-22 14:17:49.642658','2020-06-22 14:17:49.642691','专职技术负责人','每个项目配备专职的技术负责人，随时解决您的项目问题','NO'),(10,'2020-06-22 22:53:25.049749','2020-06-22 22:53:25.049780','无需安装','不用下载，无需安装，用时打开，不用时关闭就可以。','NO'),(11,'2020-06-22 23:24:01.447445','2020-06-22 23:24:01.447477','自定义 UI','根据自己的喜好，选择自己喜欢的 UI 模版进行建站。','NO'),(12,'2020-06-23 04:02:15.532331','2020-06-23 04:02:15.532361','费用较低','与传统软件相比，SaaS的典型客户可享受到经济上的好处。SaaS的订购成本可管理、可预测，包含服务交付、托管、支持、升级等各方面。','NO'),(13,'2020-06-23 04:02:41.086218','2020-06-23 04:02:41.086252','缩短获得收益时间','使用本地解决方案，从公司发放软件许可到能够使用软件，可能需要数月甚至数年。而SaaS工具是基于云的，客户可以获得立竿见影的利益。','NO'),(14,'2020-06-23 04:03:29.153082','2020-06-23 04:03:29.153132','能够自动免费升级','SaaS级解决方案后，马上提供给您使用。SaaS升级和发布新版本所需要的费用和工作少于本地模式','NO'),(15,'2020-06-23 04:04:07.846978','2020-06-23 04:04:07.847011','具备可扩展性','提供许多订阅选项和灵活性，以便在需要时(例如业务增长时，或者更多用户需要访问服务时)更改订购方案','NO'),(16,'2020-06-23 12:07:42.236802','2020-06-23 12:07:42.236833','短期见效','在两到三周的时间，就可以将品牌关键词做到首页','NO');
/*!40000 ALTER TABLE `zhifishes_productadvantage` ENABLE KEYS */;
UNLOCK TABLES;

--
-- Table structure for table `zhifishes_productdocs`
--

DROP TABLE IF EXISTS `zhifishes_productdocs`;
/*!40101 SET @saved_cs_client     = @@character_set_client */;
/*!40101 SET character_set_client = utf8 */;
CREATE TABLE `zhifishes_productdocs` (
  `id` int(11) NOT NULL AUTO_INCREMENT,
  `created_at` datetime(6) NOT NULL,
  `updated_at` datetime(6) NOT NULL,
  `name` varchar(70) NOT NULL,
  `img` varchar(100) DEFAULT NULL,
  `excerpt` longtext NOT NULL,
  `detail` longtext NOT NULL,
  `is_del` varchar(16) NOT NULL,
  PRIMARY KEY (`id`),
  KEY `zhifishes_productdocs_created_at_280f11ed` (`created_at`),
  KEY `zhifishes_productdocs_updated_at_50176abb` (`updated_at`)
) ENGINE=InnoDB AUTO_INCREMENT=7 DEFAULT CHARSET=utf8;
/*!40101 SET character_set_client = @saved_cs_client */;

--
-- Dumping data for table `zhifishes_productdocs`
--

LOCK TABLES `zhifishes_productdocs` WRITE;
/*!40000 ALTER TABLE `zhifishes_productdocs` DISABLE KEYS */;
INSERT INTO `zhifishes_productdocs` VALUES (4,'2020-06-22 00:51:54.270390','2020-06-22 14:34:06.004717','网站域名备案文档','docs_img/2020/06/22/product_pic12x.a9ed7c8a.png','详细描述网站域名备案过程，手把手教您网站域名备案','<p>详细描述网站域名备案过程，手把手教您网站域名备案</p>','NO'),(5,'2020-06-22 00:52:13.945669','2020-06-22 00:58:17.960778','后台导航分类配置','docs_img/2020/06/22/product_pic12x.a9ed7c8a_FM7Yjnq.png','后台导航分类配置详情介绍，手把手教您如何配置导航分类','<p>后台导航分类配置详情介绍，手把手教您如何配置导航分类</p>','NO'),(6,'2020-06-22 00:52:47.146667','2020-06-22 00:59:10.411370','后台信息发布教程','docs_img/2020/06/22/product_pic22x3.b366bfc3.png','后台信息发布模块详细介绍，手把手教您发布产品信息，新闻等','<p>后台信息发布模块详细介绍，手把手教您发布产品信息，新闻等</p>','NO');
/*!40000 ALTER TABLE `zhifishes_productdocs` ENABLE KEYS */;
UNLOCK TABLES;

--
-- Table structure for table `zhifishes_productfunc`
--

DROP TABLE IF EXISTS `zhifishes_productfunc`;
/*!40101 SET @saved_cs_client     = @@character_set_client */;
/*!40101 SET character_set_client = utf8 */;
CREATE TABLE `zhifishes_productfunc` (
  `id` int(11) NOT NULL AUTO_INCREMENT,
  `created_at` datetime(6) NOT NULL,
  `updated_at` datetime(6) NOT NULL,
  `name` varchar(70) NOT NULL,
  `excerpt` longtext NOT NULL,
  `is_del` varchar(16) NOT NULL,
  PRIMARY KEY (`id`),
  KEY `zhifishes_productfunc_created_at_7c1c7804` (`created_at`),
  KEY `zhifishes_productfunc_updated_at_503f72b6` (`updated_at`)
) ENGINE=InnoDB AUTO_INCREMENT=52 DEFAULT CHARSET=utf8;
/*!40101 SET character_set_client = @saved_cs_client */;

--
-- Dumping data for table `zhifishes_productfunc`
--

LOCK TABLES `zhifishes_productfunc` WRITE;
/*!40000 ALTER TABLE `zhifishes_productfunc` DISABLE KEYS */;
INSERT INTO `zhifishes_productfunc` VALUES (9,'2020-06-21 14:03:18.549598','2020-06-22 12:47:07.530818','电商 APP','商品展示，搜索商品，商品分类，商品推荐，在线咨询，收藏商品，分享商品，加入购物车，在线支付的，查看物流，直播卖货，卖家开店，推广运营，多级分销获利等','NO'),(10,'2020-06-21 14:06:17.349265','2020-06-22 12:42:49.238694','社交类 APP','强关系社交、弱关系社交、零关系社交；工具型社交、社区型社交、媒体型社交；图片社交、语音社交、视频社交；草根社交、学生社交、白领社交、精英社交。','NO'),(11,'2020-06-21 14:08:46.004573','2020-06-22 14:09:45.291175','车辆信息类 APP','车辆全方位 VR 展示，新车买卖，抵押车买卖，二手车买卖，基于大数据的车辆评估，汽车知识咨询，购车服务交流，汽车报价、车友社区，查违章，找代驾，出行娱乐等','NO'),(12,'2020-06-22 00:36:44.684895','2020-06-26 01:08:33.110274','信息发布系统','信息发布系统，是将网页上的某些需要经常变动的信息，类似新闻、新产品发布和业界动态等更新信息集中管理，并通过信息的某些共性进行分类，最后系统化、标准化发布到网站上的一种网站应用程序。','NO'),(13,'2020-06-22 00:37:28.369795','2020-06-22 00:37:28.369825','产品发布系统','系统基于数据库，用于各类产品信息的实时发布，前台用户可通过页面浏览查询，后台可以管理产品信息、图片等多种信息，实现对网站信息的交互管理，方便、轻松的实现对网站信息的更新','NO'),(14,'2020-06-22 00:37:47.853249','2020-06-22 00:37:47.853279','网上订购系统','它是企业通过网络实现网上产品营销环节的有力工具，它可以满足产品在网上的展示与内容管理、客户信息管理、产品订购销售管理等诸多需求。','NO'),(15,'2020-06-22 00:38:12.954554','2020-06-22 00:38:12.954586','网上商城系统','核心内容是各家供应商在商城里开出自己独立的专卖店,而商城提供一个完整的查询、订购、结算、配送、售后服务的运作环境，从而帮助 各商城做好网络营销业务。','NO'),(16,'2020-06-22 00:38:38.867915','2020-06-22 00:38:38.867946','商务公告系统','首页弹出窗口大大提高了信息的浏览量和信息推广宣传的效果，已经被各大门户网站和企业网站广泛的应用。当时目前弹出窗口的设计和制作仍需要专业公司、专业人员和相应的专业软件。','NO'),(17,'2020-06-22 00:44:07.444508','2020-06-22 00:44:07.444540','新闻管理系统','通过网络数据库的引用，将网站的更新维护工作简化到只需录入文字和上传图片，从而使网站的更新速度大大缩短，对编辑人员的技术要求也大大地降底，时时保持网站的活动力和影响力。','NO'),(18,'2020-06-22 00:44:35.332686','2020-06-22 00:44:35.332722','商情发布系统','商情发布系统是通过对大型行业网站应用和大量企业商务门户网站应用基础上设计和开发的一套系统，不仅注重商情简单的发布和查看，更注重贸易机会的查看和双向沟通交流，从而真正实现贸易撮合。','NO'),(19,'2020-06-22 00:44:59.729120','2020-06-22 00:44:59.729154','人事管理系统','人事政策可以后台管理以及改动。人事部相关负责人可对本数据库进行后台增、删、改维护。','NO'),(20,'2020-06-22 00:45:22.350223','2020-06-22 00:45:22.350256','网上调查系统','显示客户反馈信息和管理员的回复信息，记录客户的名称，邮件，主页。','NO'),(21,'2020-06-22 00:45:43.659115','2020-06-22 00:45:43.659151','电子论坛系统','论坛可以向网友提供开放性的分类专题讨论区服务，网友们可以在此发表自己的某些观感、交流某 些技术、亦可以做为用户与商家交流的渠道，商家亦可在此回答用户提出的问题或发布某些消息。','NO'),(22,'2020-06-22 12:55:01.584378','2020-06-22 12:55:01.584411','家政 APP','地图导航，服务类型，在线预定，即时聊天，订单支付，在线评价，资讯发布，会员系统，商家入驻等','NO'),(23,'2020-06-22 14:42:25.559745','2020-06-22 14:42:25.559779','电商小程序','生鲜电商、母婴电商、时尚电商，百货电商，精品电商、食品电商、奢侈品电商、艺术品电商等，电商小程序不仅可以实现商品展示、下单、付款等功能，还能跟踪快递，用起来非常方便。','NO'),(24,'2020-06-22 14:45:28.823160','2020-06-22 14:45:28.823192','预订类小程序','预订酒店、机票、车票、餐饮，场馆预定等，在网上预订不仅方便、快捷，而且似乎已经成为一种习惯。','NO'),(25,'2020-06-22 14:48:02.267621','2020-06-22 14:48:02.267655','在线点餐','清晰化的菜单管理，用户可以自主下单，备注注桌号，口味和人数，想支付就可以直接支付。而且不用下任何 APP ，用完就关闭，下次要用再打开就可以。','NO'),(26,'2020-06-22 22:47:43.507814','2020-06-22 22:47:43.507848','服务预定小程序','展示店铺地址、服务内容，预定服务时间和项目等，美容美发，美甲按摩，家政清洁、搬家快递都可以选择做自己服务预定的小程序。','NO'),(27,'2020-06-22 22:48:37.689558','2020-06-22 22:48:37.689598','在线订票小程序','演唱会、艺术展门票预售等在线订票。无论是个人还是票务公司都可以做这类的小程序。用户进行订票、购票、验票都可以通过微信来完成。','NO'),(28,'2020-06-22 22:49:19.033048','2020-06-22 22:49:19.033079','文章资讯','文章资讯类的小程序可以同步微信公众号的内容，并且无论是 iPhone 还是安卓手机，都依然可以直接打赏，跳过苹果的规则，体验也非常迅捷。这也是自媒体圈内追捧小程序的重要原因。','NO'),(29,'2020-06-22 22:49:57.101144','2020-06-22 22:49:57.101177','企业展示','企业展示小程序相当于企业微信官网','NO'),(30,'2020-06-22 22:51:11.339885','2020-06-22 22:51:11.339919','互动功能类小程序','互动功能类小程序包含了匿名悄悄话、匿名吐槽、游戏助手、口红试色等','NO'),(31,'2020-06-22 23:04:30.261502','2020-06-22 23:04:30.261535','门户网站','课程展示，课程推荐，名师展示，课程购买，新闻资讯，社区问答，个人中心。','NO'),(32,'2020-06-22 23:05:05.772410','2020-06-22 23:05:05.772442','网络课堂','直播教学，公开课，录播教学，考试题库，互动答疑，投票系统，问卷调查。','NO'),(33,'2020-06-22 23:05:47.248392','2020-06-22 23:05:47.248426','辅助教学','课程笔记，课程分享，课程标签，课程收藏，课件下载，学习跟踪，课程评论。','NO'),(34,'2020-06-22 23:06:34.899599','2020-06-22 23:06:34.899666','教务工具','智能排课，班级管理，学员导入，电子档案，分析运营，教材管理，教师管理。','NO'),(35,'2020-06-22 23:07:12.132969','2020-06-22 23:07:12.133001','财务管理','学费统计，分期缴费，学费升级，转班学员，欠费学员，退费学员，课酬绩效。','NO'),(36,'2020-06-22 23:07:46.310968','2020-06-22 23:07:46.311003','网校管理','数据统计，发送通知，权限分配，财务审核，人员管控， 版权保护，站内短信。','NO'),(37,'2020-06-22 23:11:20.879813','2020-06-22 23:11:20.879845','大数据智能平台','成绩分析，成绩预测，小考，中考，高考，考研成绩预测。','NO'),(38,'2020-06-22 23:13:50.312343','2020-06-22 23:13:50.312398','大数据平台','智慧社区，运用大数据技术，贯通市、县/区、街道/乡镇、社区、小区五级架构，各部门、层级可对实有人口、实有地理、实有法人、综治数据、社区工作、智慧党建、智慧政务等信息进行综合分析。','NO'),(39,'2020-06-22 23:14:18.621431','2020-06-22 23:14:18.621464','GIS平台','以三维GIS地图技术为核心，将社区的重点人员、重点事件、重点企业、社区部件、网格划分等信息在一张图上展现。如有异常事件发生，都可以通过GIS地图及时展现，并可以在地图上便捷操作处理。','NO'),(40,'2020-06-22 23:14:41.362485','2020-06-22 23:14:41.362519','党建平台','社区党建是社区管理中的重点工作，智慧社区的实现离不开智慧党建的支持。 通过智慧党建平台的搭建，实现对社区党建相关工作的整体管理和存档，平台集宣传、服务、监督、管理、学习于一体，全面覆盖社区党建业务，实现社区党建信息化管理。','NO'),(41,'2020-06-22 23:15:12.064131','2020-06-22 23:15:12.064164','网格平台','网格化管理主要是依托于统一的管理以及数字化平台，将社区按照一定的标准划分成统一的单元网格，通过加强对单元网格的部件和事件巡查，建立一种监督和处置互相分离的形式。 通过一定标准将社区划分为多个网格，在线上对网格内的“人、地、物、情、事、组织”信息统一管理。','NO'),(42,'2020-06-22 23:15:28.552856','2020-06-22 23:15:28.552892','综治平台','在线上实现对违法犯罪活动的预防和治理功能，实现对社区社会治安情况的统一管理。通过综治平台，实现社区治安信息化、智慧化，从根本上预防和治理违法犯罪，节省人力、物力和财力，化解不安定因素，维护社会治安持续稳定。','NO'),(43,'2020-06-22 23:15:47.692707','2020-06-22 23:15:47.692745','政务平台','政务服务平台主要是用来实现社区百姓对公业务及咨询的办理功能。通过政务服务平台的搭建，为社区民众提供更为方便的咨询通道及在线业务办理平台，及时了解相关政策法规。另外，通过此平台还可进行民意反馈及志愿者在线申请操作，随时随地反应民意，方便社区工作人员更好进行管理工作。','NO'),(44,'2020-06-22 23:16:01.403598','2020-06-22 23:16:01.403644','生活服务','智慧社区搭建的主要目的是为了方便民众生活，通过生活服务平台的搭建，解决社区民众生活中存在的种种问题，覆盖社区群众“衣食住行”方方面面的服务，线上统一管理，实现居民生活信息化。','NO'),(45,'2020-06-23 11:57:25.723473','2020-06-23 11:57:25.723515','关键词分析与优化','SEO关键词的核心定位最重要的一环，包括用户需求分析，关键词关注量分析、竞争对手分析，关键词与网站相关性分析与优化，关键词指数，关键词布置，关键词排名预测等','NO'),(46,'2020-06-23 11:58:32.743947','2020-06-23 11:58:32.743986','网站架构分析与优化','简洁网站结构符合搜索引擎的爬虫喜好则有利于SEO。网站架构分析优化包括：减少搜索引擎不识别的代码(FLASH、JS、视频)，网站架构深层设计不利于优化，网站框架实现树状目录结构，网站导航与链接优化。','NO'),(47,'2020-06-23 11:59:07.100738','2020-06-23 11:59:07.100783','网站目录和页面优化','SEO不止是让网站首页在搜索引擎有好的排名，当然首页的权重是最高的，更重要的是让网站的每个页面都带来流量，热门文章的受众，怎么留住用户是以后利用专题页排名方案的内容。','NO'),(49,'2020-06-23 12:00:39.739806','2020-06-23 12:00:39.739839','内容优化','主要是文章的质量要高，即使不是纯原创，至少也要是高度伪原创，伪原创要选取未收录的或者屏蔽了搜索引擎的网站上的文章，或者是翻译过来的文章，只要是你第一个发的文章，蜘蛛就认为是原创。','NO'),(50,'2020-06-23 12:01:30.381525','2020-06-23 12:01:30.381563','内链优化','增加站内的链接密度，就像蜘蛛网一样，越密集越好，最常见的就是首页、栏目和文章页的相互跳转；LOGO的链接，文章页使用TAG标签和上、下一篇或相关文章，增加页面间的链接数和相关度。','NO'),(51,'2020-06-23 12:04:36.220189','2020-06-23 12:04:36.220221','外链优化','内容相关、循序渐进，合理地通过友情链接增加外链，增加的友链质量度，包括PR值，是否有nofollow等标签，除了友链，增加论坛、新闻、博客、SNS、软文等相关链接来增加外链。','NO');
/*!40000 ALTER TABLE `zhifishes_productfunc` ENABLE KEYS */;
UNLOCK TABLES;

--
-- Table structure for table `zhifishes_solution`
--

DROP TABLE IF EXISTS `zhifishes_solution`;
/*!40101 SET @saved_cs_client     = @@character_set_client */;
/*!40101 SET character_set_client = utf8 */;
CREATE TABLE `zhifishes_solution` (
  `id` int(11) NOT NULL AUTO_INCREMENT,
  `created_at` datetime(6) NOT NULL,
  `updated_at` datetime(6) NOT NULL,
  `name` varchar(70) NOT NULL,
  `excerpt` longtext NOT NULL,
  `img` varchar(100) DEFAULT NULL,
  `views` int(10) unsigned NOT NULL,
  `detail` longtext NOT NULL,
  `is_del` varchar(16) NOT NULL,
  `category_id` int(11) DEFAULT NULL,
  PRIMARY KEY (`id`),
  KEY `zhifishes_solution_category_id_1597dbfa_fk_zhifishes_category_id` (`category_id`),
  KEY `zhifishes_solution_created_at_cb743e5f` (`created_at`),
  KEY `zhifishes_solution_updated_at_d90a267b` (`updated_at`),
  CONSTRAINT `zhifishes_solution_category_id_1597dbfa_fk_zhifishes_category_id` FOREIGN KEY (`category_id`) REFERENCES `zhifishes_category` (`id`)
) ENGINE=InnoDB AUTO_INCREMENT=8 DEFAULT CHARSET=utf8;
/*!40101 SET character_set_client = @saved_cs_client */;

--
-- Dumping data for table `zhifishes_solution`
--

LOCK TABLES `zhifishes_solution` WRITE;
/*!40000 ALTER TABLE `zhifishes_solution` DISABLE KEYS */;
INSERT INTO `zhifishes_solution` VALUES (5,'2020-06-21 13:39:42.056700','2020-06-21 23:43:16.778167','新媒体运营解决方案','采用微博等平台方合法的Oauth授权方式，最大化保障账号的安全问题；集中管理微博、微信、头条、百家号、网易号、企鹅号、新浪看点等7大主流媒体平台账号；构建从内容编审、效果评估、消息收集、粉丝管理、协同办公等新媒体运营与服务闭环流程；','solution_img/2020/06/22/index_pic12x.9999ace7.png',0,'<ul class=\"m-flex s-solve-main-ul list-paddingleft-2\" style=\"list-style-type: none;\"><li><p><span style=\"box-sizing: border-box; list-style: none; margin: 10px; padding: 0px; font-size: 12px; font-family: PingFangSC-Regular, &quot;PingFang SC&quot;; color: rgb(106, 113, 125); line-height: 17px; text-align: justify; display: inline-block;\">采用微博等平台方合法的Oauth授权方式，最大化保障账号的安全问题；集中管理微博、微信、头条、百家号、网易号、企鹅号、新浪看点等7大主流媒体平台账号；构建从内容编审、效果评估、消息收集、粉丝管理、协同办公等新媒体运营与服务闭环流程；</span></p></li><li><p><br/></p></li></ul><p><br/></p>','NO',24),(6,'2020-06-21 13:40:16.646437','2020-06-21 23:43:51.918139','SEO 优化解决方案','专注网站优化、快速排名、单词优化、负面信息处理；公司专注算法研究，十年磨一剑，我们负责为企业带来更多流量，为企业带来更多效益，对网站进行针对性的优化，提高网站在搜索引擎中的自然排名，吸引更多的用户访问网站，提高网站的访问量，提高网站的销售能力和宣传能力','solution_img/2020/06/22/product_pic22x1.85022c8e.png',0,'<ul class=\"m-flex s-solve-main-ul list-paddingleft-2\" style=\"list-style-type: none;\"><li><p><span style=\"box-sizing: border-box; list-style: none; margin: 10px; padding: 0px; font-size: 12px; font-family: PingFangSC-Regular, &quot;PingFang SC&quot;; color: rgb(106, 113, 125); line-height: 17px; text-align: justify; display: inline-block;\">专注网站优化、快速排名、单词优化、负面信息处理；公司专注算法研究，十年磨一剑，我们负责为企业带来更多流量，为企业带来更多效益，对网站进行针对性的优化，提高网站在搜索引擎中的自然排名，吸引更多的用户访问网站，提高网站的访问量，提高网站的销售能力和宣传能力</span></p></li><li><p><br/></p></li></ul><p><br/></p>','NO',24),(7,'2020-06-21 13:40:47.916204','2020-06-21 14:11:31.837519','定制化开发解决方案','基于公司目前成熟得产品体系，快速得设计和开发APP 和小程序，开发周期短，上线快，对于着急上线项目的朋友来说，我们是您最好的选择， 各类行业APP应用定制。WEB，安卓、苹果三种客户端。前端开发效率高，后期维护低成本。 类型：电商类、商城类、视频类、自媒体类、旅游类、物联网类、O2O快递。','solution_img/2020/06/21/111_0z2BsF7.png',0,'<ul class=\"m-flex s-solve-main-ul list-paddingleft-2\" style=\"list-style-type: none;\"><li><p><span style=\"box-sizing: border-box; list-style: none; margin: 10px; padding: 0px; font-size: 12px; font-family: PingFangSC-Regular, &quot;PingFang SC&quot;; color: rgb(106, 113, 125); line-height: 17px; text-align: justify; display: inline-block;\">基于公司目前成熟得产品体系，快速得设计和开发APP 和小程序，开发周期短，上线快，对于着急上线项目的朋友来说，我们是您最好的选择， 各类行业APP应用定制。WEB，安卓、苹果三种客户端。前端开发效率高，后期维护低成本。 类型：电商类、商城类、视频类、自媒体类、旅游类、物联网类、O2O快递。</span></p></li><li><p><br/></p></li></ul><p><br/></p>','NO',17);
/*!40000 ALTER TABLE `zhifishes_solution` ENABLE KEYS */;
UNLOCK TABLES;

--
-- Table structure for table `zhifishes_techteam`
--

DROP TABLE IF EXISTS `zhifishes_techteam`;
/*!40101 SET @saved_cs_client     = @@character_set_client */;
/*!40101 SET character_set_client = utf8 */;
CREATE TABLE `zhifishes_techteam` (
  `id` int(11) NOT NULL AUTO_INCREMENT,
  `created_at` datetime(6) NOT NULL,
  `updated_at` datetime(6) NOT NULL,
  `name` varchar(70) NOT NULL,
  `detail` longtext NOT NULL,
  `is_del` varchar(16) NOT NULL,
  PRIMARY KEY (`id`),
  KEY `zhifishes_techteam_created_at_c789a0e8` (`created_at`),
  KEY `zhifishes_techteam_updated_at_2d103872` (`updated_at`)
) ENGINE=InnoDB AUTO_INCREMENT=2 DEFAULT CHARSET=utf8;
/*!40101 SET character_set_client = @saved_cs_client */;

--
-- Dumping data for table `zhifishes_techteam`
--

LOCK TABLES `zhifishes_techteam` WRITE;
/*!40000 ALTER TABLE `zhifishes_techteam` DISABLE KEYS */;
INSERT INTO `zhifishes_techteam` VALUES (1,'2020-06-08 07:09:23.367930','2020-06-26 12:47:36.209762','技术团队','<p><strong>天津木姜子科技知鱼定制团队</strong>拥有一支技术专业、经验丰富、创新独特、策划一流、锐意向上的优秀团队。设计开发团队来自百度，阿里，美团和汽车之家等大型互联网公司，都是该行业五年以 上经验的高端人才，且身深谙互联网的核心价值，积累了大量的行业解决方不案和核心技术。且对不同客户需求分析、沟通方法等均有深刻的感悟。在此基础上采用&quot;质量精品、过程精品、服务精品&quot;的流程控制方法，确保了优质的产品服务。并连网络为客户提供独特的服务 之一在于“泛策划”思路的应用。并连网络能从项目前期即深度介入客户的需求，并进行专业准确的策划。多年的从业经验和广泛的市场 体验，结合对互联网行业的深度了解，造就了团队在互联网品牌建设 和网络营销方面非凡的策划能力。从需求分析，项目实施到营销推广，全程融入了并连人深刻的策划思想。本地化顾问式服务并连网络作为一家本地化的信息服务运营商，深谙企业客户的需求，将本地化、面对面、持续的顾问式服务作为帮助企业客户实现信息化 的主要服务方式。多年来并连公司为超过100家国内外企业客户提供精致的软件技术服务，随时了解企业客户在不同发展阶段的个性需求 ，为企业客户提供针对性解决方案，伴随企业信息化建设的全过程，成为企业信息的忠实伙伴。公司凭借独特的企业文化、行业一流的企 业团队、正规的互联网服务和营运资质以及多年积累的服务经验，为 您提供最富有价值的互联网解决方案。</p><p><br/></p>','NO');
/*!40000 ALTER TABLE `zhifishes_techteam` ENABLE KEYS */;
UNLOCK TABLES;
/*!40103 SET TIME_ZONE=@OLD_TIME_ZONE */;

/*!40101 SET SQL_MODE=@OLD_SQL_MODE */;
/*!40014 SET FOREIGN_KEY_CHECKS=@OLD_FOREIGN_KEY_CHECKS */;
/*!40014 SET UNIQUE_CHECKS=@OLD_UNIQUE_CHECKS */;
/*!40101 SET CHARACTER_SET_CLIENT=@OLD_CHARACTER_SET_CLIENT */;
/*!40101 SET CHARACTER_SET_RESULTS=@OLD_CHARACTER_SET_RESULTS */;
/*!40101 SET COLLATION_CONNECTION=@OLD_COLLATION_CONNECTION */;
/*!40111 SET SQL_NOTES=@OLD_SQL_NOTES */;

-- Dump completed on 2022-03-06 14:47:53
